,method,n,mse_run,mse_method,mae_run,mae_method,hp,uid,epochs,fold,mae_diff,mse_diff
72,GREEDYFP,25,0.0201835721360088,0.0335237744216725,0.071183466788694,0.1011110306713253,"{'units': [256, 256, 256, 128, 64], 'act_fun': 'relu', 'learning_rate': 0.005, 'batch_size': 32, 'l2_reg': 0.0001, 'n_epochs': 400}",20240610_185726,400.0,0,0.0299275638826312,0.0133402022856637
73,GREEDYFP,25,0.031039361504248,0.0546286588552577,0.0865136680650109,0.1255649046254643,"{'units': [256, 256, 256, 128, 64], 'act_fun': 'relu', 'learning_rate': 0.005, 'batch_size': 32, 'l2_reg': 0.0001, 'n_epochs': 400}",20240610_185741,397.0,1,0.0390512365604533,0.0235892973510096
74,GREEDYFP,25,0.0285199349810351,0.0497961709211632,0.0839753200906972,0.1206680914360364,"{'units': [256, 256, 256, 128, 64], 'act_fun': 'relu', 'learning_rate': 0.005, 'batch_size': 32, 'l2_reg': 0.0001, 'n_epochs': 400}",20240610_185757,146.0,2,0.0366927713453391,0.021276235940128
168,GREEDYFP,25,0.030017464659785602,0.05269101680527579,0.0851729425951296,0.12359596876016085,"{'units': [256, 256, 256, 128, 64], 'act_fun': 'relu', 'learning_rate': 0.005, 'batch_size': 32, 'l2_reg': 0.0001, 'n_epochs': 400}",20240610_204018,400,3,0.03842302616503125,0.02267355214549019
169,GREEDYFP,25,0.03000351405541242,0.05263208406882061,0.0857808147093968,0.12387956652911046,"{'units': [256, 256, 256, 128, 64], 'act_fun': 'relu', 'learning_rate': 0.005, 'batch_size': 32, 'l2_reg': 0.0001, 'n_epochs': 400}",20240610_204034,171,4,0.03809875181971366,0.022628570013408192
170,GREEDYFP,25,0.03008952397838856,0.052855877161042585,0.08528050274848625,0.12397575451265941,"{'units': [256, 256, 256, 128, 64], 'act_fun': 'relu', 'learning_rate': 0.005, 'batch_size': 32, 'l2_reg': 0.0001, 'n_epochs': 400}",20240610_204041,400,5,0.038695251764173155,0.022766353182654023
171,GREEDYFP,25,0.02640038317991834,0.04576238616952311,0.08072727514665728,0.11645485066031949,"{'units': [256, 256, 256, 128, 64], 'act_fun': 'relu', 'learning_rate': 0.005, 'batch_size': 32, 'l2_reg': 0.0001, 'n_epochs': 400}",20240610_204057,400,6,0.03572757551366221,0.019362002989604773
172,GREEDYFP,25,0.008814917811705344,0.009790950449551222,0.04121880381679045,0.055198821910012255,"{'units': [256, 256, 256, 128, 64], 'act_fun': 'relu', 'learning_rate': 0.005, 'batch_size': 32, 'l2_reg': 0.0001, 'n_epochs': 400}",20240610_204116,400,7,0.013980018093221802,0.0009760326378458785
173,GREEDYFP,25,0.010340724184301387,0.012610925096577725,0.04885887165064025,0.06419976204175515,"{'units': [256, 256, 256, 128, 64], 'act_fun': 'relu', 'learning_rate': 0.005, 'batch_size': 32, 'l2_reg': 0.0001, 'n_epochs': 400}",20240610_204133,400,8,0.0153408903911149,0.002270200912276338
174,GREEDYFP,25,0.031065753634788168,0.05465869369879557,0.08620265027590569,0.12524353905140717,"{'units': [256, 256, 256, 128, 64], 'act_fun': 'relu', 'learning_rate': 0.005, 'batch_size': 32, 'l2_reg': 0.0001, 'n_epochs': 400}",20240610_204149,359,9,0.03904088877550148,0.023592940064007403
75,GREEDYFP,49,0.0014476537515325,0.0017393289339498,0.0203276456343619,0.0239583373423727,"{'units': [256, 256, 256, 128, 64], 'act_fun': 'relu', 'learning_rate': 0.005, 'batch_size': 32, 'l2_reg': 0.0001, 'n_epochs': 400}",20240610_185805,400.0,0,0.0036306917080108,0.0002916751824172
76,GREEDYFP,49,0.0011494039841953,0.0011833763539059,0.0172552046641932,0.0197039537567358,"{'units': [256, 256, 256, 128, 64], 'act_fun': 'relu', 'learning_rate': 0.005, 'batch_size': 32, 'l2_reg': 0.0001, 'n_epochs': 400}",20240610_185822,400.0,1,0.0024487490925426,3.397236971058176e-05
77,GREEDYFP,49,0.0033183646449986,0.0032012465987138,0.0308404647154998,0.0354942116591689,"{'units': [256, 256, 256, 128, 64], 'act_fun': 'relu', 'learning_rate': 0.005, 'batch_size': 32, 'l2_reg': 0.0001, 'n_epochs': 400}",20240610_185839,400.0,2,0.0046537469436691,0.0001171180462848
175,GREEDYFP,49,0.0014231516968569045,0.002154713398754827,0.020655271297828657,0.0263793139289295,"{'units': [256, 256, 256, 128, 64], 'act_fun': 'relu', 'learning_rate': 0.005, 'batch_size': 32, 'l2_reg': 0.0001, 'n_epochs': 400}",20240610_204204,400,3,0.005724042631100844,0.0007315617018979223
176,GREEDYFP,49,0.030598311213322703,0.04102627680527249,0.11168427973675384,0.1321083025173383,"{'units': [256, 256, 256, 128, 64], 'act_fun': 'relu', 'learning_rate': 0.005, 'batch_size': 32, 'l2_reg': 0.0001, 'n_epochs': 400}",20240610_204220,175,4,0.020424022780584458,0.010427965591949785
177,GREEDYFP,49,0.0008281582057073111,0.0009151647534836222,0.013956351366270678,0.017490716284168987,"{'units': [256, 256, 256, 128, 64], 'act_fun': 'relu', 'learning_rate': 0.005, 'batch_size': 32, 'l2_reg': 0.0001, 'n_epochs': 400}",20240610_204228,400,5,0.0035343649178983094,8.700654777631111e-05
178,GREEDYFP,49,0.0014930937427061692,0.001414521667302578,0.020328536589842853,0.02319801371408259,"{'units': [256, 256, 256, 128, 64], 'act_fun': 'relu', 'learning_rate': 0.005, 'batch_size': 32, 'l2_reg': 0.0001, 'n_epochs': 400}",20240610_204249,400,6,0.0028694771242397388,7.85720754035912e-05
179,GREEDYFP,49,0.001691720212166453,0.0017355504670190309,0.019972539495783585,0.02364212709371391,"{'units': [256, 256, 256, 128, 64], 'act_fun': 'relu', 'learning_rate': 0.005, 'batch_size': 32, 'l2_reg': 0.0001, 'n_epochs': 400}",20240610_204306,400,7,0.0036695875979303252,4.3830254852577754e-05
180,GREEDYFP,49,0.029921459371424156,0.039876900662907507,0.11071778832506467,0.1312517995324523,"{'units': [256, 256, 256, 128, 64], 'act_fun': 'relu', 'learning_rate': 0.005, 'batch_size': 32, 'l2_reg': 0.0001, 'n_epochs': 400}",20240610_204323,150,8,0.02053401120738764,0.00995544129148335
181,GREEDYFP,49,0.02611383119903311,0.035452855030849315,0.08901267701057061,0.09959913596855814,"{'units': [256, 256, 256, 128, 64], 'act_fun': 'relu', 'learning_rate': 0.005, 'batch_size': 32, 'l2_reg': 0.0001, 'n_epochs': 400}",20240610_204330,111,9,0.01058645895798753,0.009339023831816205
78,GREEDYFP,121,0.000118882427549,0.00051018313347,0.0035066515722102,0.0068938699284883,"{'units': [256, 256, 256, 128, 64], 'act_fun': 'relu', 'learning_rate': 0.005, 'batch_size': 32, 'l2_reg': 0.0001, 'n_epochs': 400}",20240610_185856,400.0,0,0.003387218356278,0.000391300705921
79,GREEDYFP,121,0.000378137588277,0.0004968391565712,0.006887973260827,0.0087617189653967,"{'units': [256, 256, 256, 128, 64], 'act_fun': 'relu', 'learning_rate': 0.005, 'batch_size': 32, 'l2_reg': 0.0001, 'n_epochs': 400}",20240610_185913,400.0,1,0.0018737457045697,0.0001187015682941
80,GREEDYFP,121,8.657382649870357e-05,9.517061608791564e-05,0.0033829265854558,0.0032382682758357,"{'units': [256, 256, 256, 128, 64], 'act_fun': 'relu', 'learning_rate': 0.005, 'batch_size': 32, 'l2_reg': 0.0001, 'n_epochs': 400}",20240610_185931,400.0,2,0.0001446583096201,8.596789589212071e-06
182,GREEDYFP,121,9.02942410324066e-05,0.00012107215417068756,0.0037634454862266156,0.004240966040765854,"{'units': [256, 256, 256, 128, 64], 'act_fun': 'relu', 'learning_rate': 0.005, 'batch_size': 32, 'l2_reg': 0.0001, 'n_epochs': 400}",20240610_204336,400,3,0.00047752055453923825,3.0777913138280966e-05
183,GREEDYFP,121,8.39262342623786e-05,0.00020063937601894538,0.003687318383694628,0.005541426660520577,"{'units': [256, 256, 256, 128, 64], 'act_fun': 'relu', 'learning_rate': 0.005, 'batch_size': 32, 'l2_reg': 0.0001, 'n_epochs': 400}",20240610_204353,400,4,0.001854108276825949,0.00011671314175656678
184,GREEDYFP,121,0.0001329015810927036,0.0005783989170855693,0.0038126355372407783,0.006898806450049909,"{'units': [256, 256, 256, 128, 64], 'act_fun': 'relu', 'learning_rate': 0.005, 'batch_size': 32, 'l2_reg': 0.0001, 'n_epochs': 400}",20240610_204415,400,5,0.003086170912809131,0.0004454973359928657
185,GREEDYFP,121,0.00010296561347879775,0.00011080792300900664,0.004460169338763934,0.004665452726335222,"{'units': [256, 256, 256, 128, 64], 'act_fun': 'relu', 'learning_rate': 0.005, 'batch_size': 32, 'l2_reg': 0.0001, 'n_epochs': 400}",20240610_204435,400,6,0.00020528338757128724,7.842309530208888e-06
186,GREEDYFP,121,4.2080541063939824e-05,0.00012814989246404262,0.0024206390219481087,0.004048052667282733,"{'units': [256, 256, 256, 128, 64], 'act_fun': 'relu', 'learning_rate': 0.005, 'batch_size': 32, 'l2_reg': 0.0001, 'n_epochs': 400}",20240610_204453,400,7,0.0016274136453346246,8.606935140010279e-05
187,GREEDYFP,121,0.0001407959926122926,0.0005629830745632168,0.004305522800049311,0.006951259984351839,"{'units': [256, 256, 256, 128, 64], 'act_fun': 'relu', 'learning_rate': 0.005, 'batch_size': 32, 'l2_reg': 0.0001, 'n_epochs': 400}",20240610_204511,400,8,0.0026457371843025285,0.0004221870819509242
188,GREEDYFP,121,0.00023643508284579008,0.0007896655823192044,0.00483148485550334,0.00905205913479037,"{'units': [256, 256, 256, 128, 64], 'act_fun': 'relu', 'learning_rate': 0.005, 'batch_size': 32, 'l2_reg': 0.0001, 'n_epochs': 400}",20240610_204529,400,9,0.00422057427928703,0.0005532304994734143
81,GREEDYFP,169,3.439208535600709e-05,9.11385493796674e-05,0.0021935220809071,0.0030317834962253,"{'units': [256, 256, 256, 128, 64], 'act_fun': 'relu', 'learning_rate': 0.005, 'batch_size': 32, 'l2_reg': 0.0001, 'n_epochs': 400}",20240610_185948,400.0,0,0.0008382614153181,5.674646402366031e-05
82,GREEDYFP,169,0.000122080537624,0.0001705437470077,0.0039820964223983,0.0054201517965054,"{'units': [256, 256, 256, 128, 64], 'act_fun': 'relu', 'learning_rate': 0.005, 'batch_size': 32, 'l2_reg': 0.0001, 'n_epochs': 400}",20240610_190008,400.0,1,0.001438055374107,4.846320938374634e-05
83,GREEDYFP,169,0.0001585417837672,0.0004428025651629,0.0050142011567083,0.0078058333483612,"{'units': [256, 256, 256, 128, 64], 'act_fun': 'relu', 'learning_rate': 0.005, 'batch_size': 32, 'l2_reg': 0.0001, 'n_epochs': 400}",20240610_190026,400.0,2,0.0027916321916528,0.0002842607813956
189,GREEDYFP,169,3.657973681381541e-05,5.700615139504051e-05,0.002402869535712648,0.0033381360768548374,"{'units': [256, 256, 256, 128, 64], 'act_fun': 'relu', 'learning_rate': 0.005, 'batch_size': 32, 'l2_reg': 0.0001, 'n_epochs': 400}",20240610_204550,390,3,0.0009352665411421894,2.04264145812251e-05
190,GREEDYFP,169,0.00022269559885718131,0.00021749662998420352,0.004445556528319362,0.00630344161946546,"{'units': [256, 256, 256, 128, 64], 'act_fun': 'relu', 'learning_rate': 0.005, 'batch_size': 32, 'l2_reg': 0.0001, 'n_epochs': 400}",20240610_204610,400,4,0.0018578850911460977,5.198968872977791e-06
191,GREEDYFP,169,0.02891934590207224,0.02832928708960117,0.08610059816537957,0.09354192780021377,"{'units': [256, 256, 256, 128, 64], 'act_fun': 'relu', 'learning_rate': 0.005, 'batch_size': 32, 'l2_reg': 0.0001, 'n_epochs': 400}",20240610_204630,400,5,0.007441329634834196,0.0005900588124710705
192,GREEDYFP,169,0.003069353439010484,0.0038943804358700287,0.019076215298543173,0.021839981458657988,"{'units': [256, 256, 256, 128, 64], 'act_fun': 'relu', 'learning_rate': 0.005, 'batch_size': 32, 'l2_reg': 0.0001, 'n_epochs': 400}",20240610_204649,400,6,0.0027637661601148146,0.0008250269968595445
193,GREEDYFP,169,5.6834098588539376e-05,0.00019799626671598792,0.002819153420931603,0.00484143716175437,"{'units': [256, 256, 256, 128, 64], 'act_fun': 'relu', 'learning_rate': 0.005, 'batch_size': 32, 'l2_reg': 0.0001, 'n_epochs': 400}",20240610_204708,400,7,0.002022283740822767,0.00014116216812744856
194,GREEDYFP,169,5.1767254075059136e-05,4.35817162463007e-05,0.002808919265453439,0.0028624129656492038,"{'units': [256, 256, 256, 128, 64], 'act_fun': 'relu', 'learning_rate': 0.005, 'batch_size': 32, 'l2_reg': 0.0001, 'n_epochs': 400}",20240610_204727,400,8,5.3493700195764594e-05,8.185537828758434e-06
195,GREEDYFP,169,0.0001185953347059952,9.162955975373424e-05,0.0032726814970507685,0.0037353697517019955,"{'units': [256, 256, 256, 128, 64], 'act_fun': 'relu', 'learning_rate': 0.005, 'batch_size': 32, 'l2_reg': 0.0001, 'n_epochs': 400}",20240610_204746,400,9,0.0004626882546512269,2.696577495226097e-05
84,GREEDYFP,529,9.588837289624571e-06,1.8437022690710208e-05,0.0011847003871489,0.0016352646119558,"{'units': [256, 256, 256, 128, 64], 'act_fun': 'relu', 'learning_rate': 0.005, 'batch_size': 32, 'l2_reg': 0.0001, 'n_epochs': 400}",20240610_190047,400.0,0,0.0004505642248069,8.848185401085637e-06
85,GREEDYFP,529,2.182581357065363e-05,6.397608681600236e-05,0.0012930507972372,0.0019458400640392,"{'units': [256, 256, 256, 128, 64], 'act_fun': 'relu', 'learning_rate': 0.005, 'batch_size': 32, 'l2_reg': 0.0001, 'n_epochs': 400}",20240610_190115,400.0,1,0.0006527892668019,4.2150273245348726e-05
86,GREEDYFP,529,1.6428127893287218e-05,3.491051375171745e-05,0.0014274543354399,0.0018825566473901,"{'units': [256, 256, 256, 128, 64], 'act_fun': 'relu', 'learning_rate': 0.005, 'batch_size': 32, 'l2_reg': 0.0001, 'n_epochs': 400}",20240610_190143,399.0,2,0.0004551023119501,1.848238585843023e-05
196,GREEDYFP,529,1.2705298525666771e-05,4.1303607536897405e-05,0.001155697178543288,0.001564446554788948,"{'units': [256, 256, 256, 128, 64], 'act_fun': 'relu', 'learning_rate': 0.005, 'batch_size': 32, 'l2_reg': 0.0001, 'n_epochs': 400}",20240610_204808,400,3,0.00040874937624566,2.8598309011230632e-05
197,GREEDYFP,529,1.4856304895846204e-05,4.142533718443059e-05,0.0013469816693183958,0.0017867114981257736,"{'units': [256, 256, 256, 128, 64], 'act_fun': 'relu', 'learning_rate': 0.005, 'batch_size': 32, 'l2_reg': 0.0001, 'n_epochs': 400}",20240610_204836,400,4,0.0004397298288073778,2.6569032288584386e-05
198,GREEDYFP,529,1.582682656539234e-05,3.052786959089223e-05,0.0014937239929124812,0.0019363889463451579,"{'units': [256, 256, 256, 128, 64], 'act_fun': 'relu', 'learning_rate': 0.005, 'batch_size': 32, 'l2_reg': 0.0001, 'n_epochs': 400}",20240610_204904,400,5,0.0004426649534326767,1.4701043025499888e-05
199,GREEDYFP,529,2.0943210400998886e-05,6.926468029996917e-05,0.001353021733153175,0.0020450024230393455,"{'units': [256, 256, 256, 128, 64], 'act_fun': 'relu', 'learning_rate': 0.005, 'batch_size': 32, 'l2_reg': 0.0001, 'n_epochs': 400}",20240610_204931,400,6,0.0006919806898861706,4.832146989897028e-05
200,GREEDYFP,529,1.2932355417422936e-05,3.9069163302210894e-05,0.0012797576234155638,0.001932248024196612,"{'units': [256, 256, 256, 128, 64], 'act_fun': 'relu', 'learning_rate': 0.005, 'batch_size': 32, 'l2_reg': 0.0001, 'n_epochs': 400}",20240610_204957,400,7,0.0006524904007810483,2.613680788478796e-05
201,GREEDYFP,529,1.038041655167754e-05,2.405119724929103e-05,0.0010649775284411586,0.0013943722661622798,"{'units': [256, 256, 256, 128, 64], 'act_fun': 'relu', 'learning_rate': 0.005, 'batch_size': 32, 'l2_reg': 0.0001, 'n_epochs': 400}",20240610_205024,400,8,0.00032939473772112117,1.367078069761349e-05
202,GREEDYFP,529,1.6411597206236987e-05,5.038312873039366e-05,0.0014017181368523785,0.00217413016910945,"{'units': [256, 256, 256, 128, 64], 'act_fun': 'relu', 'learning_rate': 0.005, 'batch_size': 32, 'l2_reg': 0.0001, 'n_epochs': 400}",20240610_205054,400,9,0.0007724120322570717,3.3971531524156676e-05
87,GREEDYFP,1849,3.32736447937642e-06,3.337875443243371e-06,0.00082004287065,0.0008097005150519,"{'units': [256, 256, 256, 128, 64], 'act_fun': 'relu', 'learning_rate': 0.005, 'batch_size': 32, 'l2_reg': 0.0001, 'n_epochs': 400}",20240610_190317,400.0,0,1.0342355598094363e-05,1.0510963866951144e-08
88,GREEDYFP,1849,4.062927042585221e-06,4.5064520514884295e-06,0.000961719162715,0.001022711590506,"{'units': [256, 256, 256, 128, 64], 'act_fun': 'relu', 'learning_rate': 0.005, 'batch_size': 32, 'l2_reg': 0.0001, 'n_epochs': 400}",20240610_190511,400.0,1,6.099242779106348e-05,4.435250089032084e-07
89,GREEDYFP,1849,3.092436215650674e-06,3.32637298358065e-06,0.0008579964767582,0.0008942043391851,"{'units': [256, 256, 256, 128, 64], 'act_fun': 'relu', 'learning_rate': 0.005, 'batch_size': 32, 'l2_reg': 0.0001, 'n_epochs': 400}",20240610_190707,400.0,2,3.620786242690681e-05,2.3393676792997533e-07
203,GREEDYFP,1849,3.846396662137399e-06,3.96076449591838e-06,0.0008702686332799927,0.0008686232820445131,"{'units': [256, 256, 256, 128, 64], 'act_fun': 'relu', 'learning_rate': 0.005, 'batch_size': 32, 'l2_reg': 0.0001, 'n_epochs': 400}",20240610_205221,400,3,1.6453512354796e-06,1.1436783378098112e-07
204,GREEDYFP,1849,3.0383398450156674e-06,3.0460975812698558e-06,0.0008317578231720887,0.0008540790569839077,"{'units': [256, 256, 256, 128, 64], 'act_fun': 'relu', 'learning_rate': 0.005, 'batch_size': 32, 'l2_reg': 0.0001, 'n_epochs': 400}",20240610_205414,400,4,2.2321233811819032e-05,7.757736254188398e-09
205,GREEDYFP,1849,4.507370284574957e-06,4.490396295837536e-06,0.0009814775679764403,0.0010088661110714385,"{'units': [256, 256, 256, 128, 64], 'act_fun': 'relu', 'learning_rate': 0.005, 'batch_size': 32, 'l2_reg': 0.0001, 'n_epochs': 400}",20240610_205609,400,5,2.738854309499816e-05,1.6973988737421047e-08
206,GREEDYFP,1849,3.0626035549771585e-06,3.1055481293249525e-06,0.0008305578259901983,0.0008546538708507644,"{'units': [256, 256, 256, 128, 64], 'act_fun': 'relu', 'learning_rate': 0.005, 'batch_size': 32, 'l2_reg': 0.0001, 'n_epochs': 400}",20240610_205806,400,6,2.4096044860566035e-05,4.294457434779401e-08
207,GREEDYFP,1849,2.8032123915142187e-06,2.7438203562301097e-06,0.0007534918639293804,0.0007580920299373855,"{'units': [256, 256, 256, 128, 64], 'act_fun': 'relu', 'learning_rate': 0.005, 'batch_size': 32, 'l2_reg': 0.0001, 'n_epochs': 400}",20240610_210004,400,7,4.600166008005089e-06,5.9392035284109066e-08
208,GREEDYFP,1849,2.647686659738417e-06,3.0398564029426015e-06,0.0007724006483892404,0.0008069116786842627,"{'units': [256, 256, 256, 128, 64], 'act_fun': 'relu', 'learning_rate': 0.005, 'batch_size': 32, 'l2_reg': 0.0001, 'n_epochs': 400}",20240610_210201,400,8,3.4511030295022223e-05,3.9216974320418435e-07
209,GREEDYFP,1849,2.7674232336437966e-06,3.29284707050739e-06,0.0007937126072986648,0.0008580409132075259,"{'units': [256, 256, 256, 128, 64], 'act_fun': 'relu', 'learning_rate': 0.005, 'batch_size': 32, 'l2_reg': 0.0001, 'n_epochs': 400}",20240610_210358,400,9,6.432830590886107e-05,5.254238368635934e-07
18,Grid,25,0.0066474441319598,0.0012181973616646,0.0386845487668217,0.0180868992191011,"{'units': [256, 256, 256, 128, 64], 'act_fun': 'relu', 'learning_rate': 0.005, 'batch_size': 32, 'l2_reg': 0.0001, 'n_epochs': 400}",20240610_183545,190.0,0,0.0205976495477206,0.0054292467702952
19,Grid,25,0.0034255440025566,0.0007215736745426,0.0333841593348594,0.0133894562005988,"{'units': [256, 256, 256, 128, 64], 'act_fun': 'relu', 'learning_rate': 0.005, 'batch_size': 32, 'l2_reg': 0.0001, 'n_epochs': 400}",20240610_183554,400.0,1,0.0199947031342606,0.0027039703280139
20,Grid,25,0.0070064908934251,0.0011654889456203,0.0400352950405241,0.0189303479847216,"{'units': [256, 256, 256, 128, 64], 'act_fun': 'relu', 'learning_rate': 0.005, 'batch_size': 32, 'l2_reg': 0.0001, 'n_epochs': 400}",20240610_183610,205.0,2,0.0211049470558025,0.0058410019478048
42,Grid,25,0.00723208815885792,0.0011734303409556208,0.03819637633342253,0.019366108111585588,"{'units': [256, 256, 256, 128, 64], 'act_fun': 'relu', 'learning_rate': 0.005, 'batch_size': 32, 'l2_reg': 0.0001, 'n_epochs': 400}",20240610_195144,198,3,0.018830268221836942,0.006058657817902299
43,Grid,25,0.0037347756337149877,0.0009069386943100407,0.03504154664766932,0.015992582666641646,"{'units': [256, 256, 256, 128, 64], 'act_fun': 'relu', 'learning_rate': 0.005, 'batch_size': 32, 'l2_reg': 0.0001, 'n_epochs': 400}",20240610_195153,400,4,0.019048963981027674,0.002827836939404947
44,Grid,25,0.003820803978527925,0.0008526277619852791,0.035381239548570635,0.015892720796701548,"{'units': [256, 256, 256, 128, 64], 'act_fun': 'relu', 'learning_rate': 0.005, 'batch_size': 32, 'l2_reg': 0.0001, 'n_epochs': 400}",20240610_195208,400,5,0.019488518751869088,0.002968176216542646
45,Grid,25,0.003069539612660925,0.00204903726318198,0.03293101728211388,0.025472477944455518,"{'units': [256, 256, 256, 128, 64], 'act_fun': 'relu', 'learning_rate': 0.005, 'batch_size': 32, 'l2_reg': 0.0001, 'n_epochs': 400}",20240610_195224,400,6,0.007458539337658363,0.0010205023494789449
46,Grid,25,0.006905348002257804,0.0011849670283418487,0.03849307044084827,0.01864338768389878,"{'units': [256, 256, 256, 128, 64], 'act_fun': 'relu', 'learning_rate': 0.005, 'batch_size': 32, 'l2_reg': 0.0001, 'n_epochs': 400}",20240610_195240,218,7,0.019849682756949493,0.005720380973915955
47,Grid,25,0.004092153615425049,0.003325986740616318,0.03700117876812563,0.02962020064892297,"{'units': [256, 256, 256, 128, 64], 'act_fun': 'relu', 'learning_rate': 0.005, 'batch_size': 32, 'l2_reg': 0.0001, 'n_epochs': 400}",20240610_195249,320,8,0.007380978119202658,0.0007661668748087311
48,Grid,25,0.0065334187058889255,0.0024645627879846858,0.04101894933083926,0.025768114617441083,"{'units': [256, 256, 256, 128, 64], 'act_fun': 'relu', 'learning_rate': 0.005, 'batch_size': 32, 'l2_reg': 0.0001, 'n_epochs': 400}",20240610_195304,207,9,0.015250834713398175,0.00406885591790424
21,Grid,49,0.0070691975788381,0.0255325032191803,0.0311442734689588,0.0546642173554507,"{'units': [256, 256, 256, 128, 64], 'act_fun': 'relu', 'learning_rate': 0.005, 'batch_size': 32, 'l2_reg': 0.0001, 'n_epochs': 400}",20240610_183618,400.0,0,0.0235199438864918,0.0184633056403421
22,Grid,49,0.0043178168076703,0.0206137551795751,0.0231574946411308,0.0446716352517447,"{'units': [256, 256, 256, 128, 64], 'act_fun': 'relu', 'learning_rate': 0.005, 'batch_size': 32, 'l2_reg': 0.0001, 'n_epochs': 400}",20240610_183635,400.0,1,0.0215141406106138,0.0162959383719047
23,Grid,49,0.0050188867972302,0.0217384625791684,0.0233939808878749,0.0444615113660726,"{'units': [256, 256, 256, 128, 64], 'act_fun': 'relu', 'learning_rate': 0.005, 'batch_size': 32, 'l2_reg': 0.0001, 'n_epochs': 400}",20240610_183652,400.0,2,0.0210675304781976,0.0167195757819381
49,Grid,49,0.0022551966290510757,0.012811174461092626,0.017160784967503413,0.036142781882115345,"{'units': [256, 256, 256, 128, 64], 'act_fun': 'relu', 'learning_rate': 0.005, 'batch_size': 32, 'l2_reg': 0.0001, 'n_epochs': 400}",20240610_195314,400,3,0.018981996914611932,0.01055597783204155
50,Grid,49,0.0033250198949479758,0.01616078195548181,0.02001946503102248,0.03780380408767569,"{'units': [256, 256, 256, 128, 64], 'act_fun': 'relu', 'learning_rate': 0.005, 'batch_size': 32, 'l2_reg': 0.0001, 'n_epochs': 400}",20240610_195330,400,4,0.01778433905665321,0.012835762060533835
51,Grid,49,0.000990457343618297,0.0002586374773060961,0.014148748772161964,0.006228942648941096,"{'units': [256, 256, 256, 128, 64], 'act_fun': 'relu', 'learning_rate': 0.005, 'batch_size': 32, 'l2_reg': 0.0001, 'n_epochs': 400}",20240610_195347,400,5,0.007919806123220869,0.0007318198663122009
52,Grid,49,0.0011042664755604966,0.007072001366180647,0.012931954197553953,0.029424534392169306,"{'units': [256, 256, 256, 128, 64], 'act_fun': 'relu', 'learning_rate': 0.005, 'batch_size': 32, 'l2_reg': 0.0001, 'n_epochs': 400}",20240610_195403,400,6,0.01649258019461535,0.00596773489062015
53,Grid,49,0.00625948061974156,0.024571875888749654,0.02711157620060396,0.04921645158122335,"{'units': [256, 256, 256, 128, 64], 'act_fun': 'relu', 'learning_rate': 0.005, 'batch_size': 32, 'l2_reg': 0.0001, 'n_epochs': 400}",20240610_195419,365,7,0.02210487538061939,0.018312395269008096
54,Grid,49,0.005670909792081148,0.02394474367227277,0.026150095520183856,0.04765629812103383,"{'units': [256, 256, 256, 128, 64], 'act_fun': 'relu', 'learning_rate': 0.005, 'batch_size': 32, 'l2_reg': 0.0001, 'n_epochs': 400}",20240610_195438,400,8,0.021506202600849973,0.01827383388019162
55,Grid,49,0.0014484489537892004,0.009806821087551452,0.013353462122345585,0.03246012594566383,"{'units': [256, 256, 256, 128, 64], 'act_fun': 'relu', 'learning_rate': 0.005, 'batch_size': 32, 'l2_reg': 0.0001, 'n_epochs': 400}",20240610_195455,400,9,0.019106663823318246,0.008358372133762252
24,Grid,121,0.0001312885590846,3.525904332855589e-05,0.0046319897380739,0.0028780430586199,"{'units': [256, 256, 256, 128, 64], 'act_fun': 'relu', 'learning_rate': 0.005, 'batch_size': 32, 'l2_reg': 0.0001, 'n_epochs': 400}",20240610_183709,400.0,0,0.001753946679454,9.602951575609134e-05
25,Grid,121,0.0001508997844977,3.510742487448508e-05,0.0045585066283573,0.0025814279509001,"{'units': [256, 256, 256, 128, 64], 'act_fun': 'relu', 'learning_rate': 0.005, 'batch_size': 32, 'l2_reg': 0.0001, 'n_epochs': 400}",20240610_183726,400.0,1,0.0019770786774572,0.0001157923596233
26,Grid,121,0.000145079504957,1.818805409470482e-05,0.0044215136823193,0.0021220344700061,"{'units': [256, 256, 256, 128, 64], 'act_fun': 'relu', 'learning_rate': 0.005, 'batch_size': 32, 'l2_reg': 0.0001, 'n_epochs': 400}",20240610_183744,400.0,2,0.0022994792123131,0.0001268914508623
56,Grid,121,0.00016210077598097317,0.00011832829818981259,0.0055434293637056705,0.004654722123088136,"{'units': [256, 256, 256, 128, 64], 'act_fun': 'relu', 'learning_rate': 0.005, 'batch_size': 32, 'l2_reg': 0.0001, 'n_epochs': 400}",20240610_195512,400,3,0.0008887072406175344,4.3772477791160586e-05
57,Grid,121,9.209937881146489e-05,1.662963265285535e-05,0.003940128450542361,0.0018251645002592752,"{'units': [256, 256, 256, 128, 64], 'act_fun': 'relu', 'learning_rate': 0.005, 'batch_size': 32, 'l2_reg': 0.0001, 'n_epochs': 400}",20240610_195529,400,4,0.0021149639502830854,7.546974615860954e-05
58,Grid,121,0.00015921421136268928,1.311512805171301e-05,0.004803689860489084,0.001551784504715569,"{'units': [256, 256, 256, 128, 64], 'act_fun': 'relu', 'learning_rate': 0.005, 'batch_size': 32, 'l2_reg': 0.0001, 'n_epochs': 400}",20240610_195546,400,5,0.003251905355773515,0.00014609908331097627
59,Grid,121,0.00011668845120602926,1.849214528225063e-05,0.003829614617251632,0.001529745536689016,"{'units': [256, 256, 256, 128, 64], 'act_fun': 'relu', 'learning_rate': 0.005, 'batch_size': 32, 'l2_reg': 0.0001, 'n_epochs': 400}",20240610_195603,400,6,0.002299869080562616,9.819630592377863e-05
60,Grid,121,0.00013732279483082117,1.685432905413931e-05,0.004023946692356929,0.001970308496994492,"{'units': [256, 256, 256, 128, 64], 'act_fun': 'relu', 'learning_rate': 0.005, 'batch_size': 32, 'l2_reg': 0.0001, 'n_epochs': 400}",20240610_195623,400,7,0.002053638195362437,0.00012046846577668186
61,Grid,121,0.000136094895583926,8.122249974661103e-05,0.0047926477846662735,0.0034114532162319803,"{'units': [256, 256, 256, 128, 64], 'act_fun': 'relu', 'learning_rate': 0.005, 'batch_size': 32, 'l2_reg': 0.0001, 'n_epochs': 400}",20240610_195640,400,8,0.0013811945684342932,5.4872395837314965e-05
62,Grid,121,0.0001091239470894578,2.9864611097456665e-05,0.0038861144269794366,0.0021662633405586163,"{'units': [256, 256, 256, 128, 64], 'act_fun': 'relu', 'learning_rate': 0.005, 'batch_size': 32, 'l2_reg': 0.0001, 'n_epochs': 400}",20240610_195658,400,9,0.0017198510864208203,7.925933599200113e-05
27,Grid,169,8.06525483837247e-05,0.0001284523507217,0.0035609354311412,0.0044391708694523,"{'units': [256, 256, 256, 128, 64], 'act_fun': 'relu', 'learning_rate': 0.005, 'batch_size': 32, 'l2_reg': 0.0001, 'n_epochs': 400}",20240610_183801,400.0,0,0.0008782354383111,4.7799802338073646e-05
28,Grid,169,8.987337433847225e-05,0.0001479779823989,0.0036560517851645,0.0045967739066634,"{'units': [256, 256, 256, 128, 64], 'act_fun': 'relu', 'learning_rate': 0.005, 'batch_size': 32, 'l2_reg': 0.0001, 'n_epochs': 400}",20240610_183819,400.0,1,0.0009407221214988,5.810460806044134e-05
29,Grid,169,9.531716483695737e-05,9.065921813284172e-05,0.0038644003685256,0.003821795605322,"{'units': [256, 256, 256, 128, 64], 'act_fun': 'relu', 'learning_rate': 0.005, 'batch_size': 32, 'l2_reg': 0.0001, 'n_epochs': 400}",20240610_183838,400.0,2,4.260476320356145e-05,4.6579467041156335e-06
63,Grid,169,6.0245260540366886e-05,4.627886422063255e-05,0.00312857562512228,0.002587495423367879,"{'units': [256, 256, 256, 128, 64], 'act_fun': 'relu', 'learning_rate': 0.005, 'batch_size': 32, 'l2_reg': 0.0001, 'n_epochs': 400}",20240610_195715,400,3,0.0005410802017544012,1.3966396319734336e-05
64,Grid,169,0.0001066334135858594,0.0003104905483853499,0.0038784664665953783,0.005688654082220818,"{'units': [256, 256, 256, 128, 64], 'act_fun': 'relu', 'learning_rate': 0.005, 'batch_size': 32, 'l2_reg': 0.0001, 'n_epochs': 400}",20240610_195733,400,4,0.00181018761562544,0.0002038571347994905
65,Grid,169,8.806429668121536e-05,9.691638900998914e-05,0.0037363531009437,0.0036814247247982613,"{'units': [256, 256, 256, 128, 64], 'act_fun': 'relu', 'learning_rate': 0.005, 'batch_size': 32, 'l2_reg': 0.0001, 'n_epochs': 400}",20240610_195751,400,5,5.4928376145438676e-05,8.85209232877378e-06
66,Grid,169,5.5570934095646445e-05,0.0001330200995273145,0.0032304628623028115,0.004165200089957336,"{'units': [256, 256, 256, 128, 64], 'act_fun': 'relu', 'learning_rate': 0.005, 'batch_size': 32, 'l2_reg': 0.0001, 'n_epochs': 400}",20240610_195811,400,6,0.0009347372276545243,7.744916543166806e-05
67,Grid,169,7.132157529644892e-05,6.0992806575096096e-05,0.00347133465056405,0.003494771624525382,"{'units': [256, 256, 256, 128, 64], 'act_fun': 'relu', 'learning_rate': 0.005, 'batch_size': 32, 'l2_reg': 0.0001, 'n_epochs': 400}",20240610_195830,400,7,2.34369739613321e-05,1.0328768721352829e-05
68,Grid,169,9.003153015551022e-05,7.968536077016496e-05,0.003488680002595587,0.003096792936107663,"{'units': [256, 256, 256, 128, 64], 'act_fun': 'relu', 'learning_rate': 0.005, 'batch_size': 32, 'l2_reg': 0.0001, 'n_epochs': 400}",20240610_195849,400,8,0.00039188706648792416,1.0346169385345267e-05
69,Grid,169,7.348390641832436e-05,9.971887488930623e-05,0.0037416752569087086,0.004122824257753441,"{'units': [256, 256, 256, 128, 64], 'act_fun': 'relu', 'learning_rate': 0.005, 'batch_size': 32, 'l2_reg': 0.0001, 'n_epochs': 400}",20240610_195907,400,9,0.00038114900084473217,2.623496847098187e-05
30,Grid,529,1.2441440219463425e-05,5.415945151345849e-06,0.0012806095166461,0.0009886764992921,"{'units': [256, 256, 256, 128, 64], 'act_fun': 'relu', 'learning_rate': 0.005, 'batch_size': 32, 'l2_reg': 0.0001, 'n_epochs': 400}",20240610_183857,400.0,0,0.000291933017354,7.025495068117574e-06
31,Grid,529,1.4018396907893008e-05,6.569292477430947e-06,0.001322155005013,0.0009907972743577,"{'units': [256, 256, 256, 128, 64], 'act_fun': 'relu', 'learning_rate': 0.005, 'batch_size': 32, 'l2_reg': 0.0001, 'n_epochs': 400}",20240610_183922,400.0,1,0.0003313577306553,7.449104430462061e-06
32,Grid,529,2.0982637522128208e-05,8.74141020723896e-06,0.0015582267868586,0.0011845147786303,"{'units': [256, 256, 256, 128, 64], 'act_fun': 'relu', 'learning_rate': 0.005, 'batch_size': 32, 'l2_reg': 0.0001, 'n_epochs': 400}",20240610_183948,400.0,2,0.0003737120082283,1.2241227314889248e-05
70,Grid,529,1.3433137621308148e-05,3.6189644333258947e-06,0.0013210313683941692,0.0009046707838797397,"{'units': [256, 256, 256, 128, 64], 'act_fun': 'relu', 'learning_rate': 0.005, 'batch_size': 32, 'l2_reg': 0.0001, 'n_epochs': 400}",20240610_195925,400,3,0.00041636058451442954,9.814173187982254e-06
71,Grid,529,1.3607624109744754e-05,6.677949791660588e-06,0.0014445776721344493,0.0009786903149067664,"{'units': [256, 256, 256, 128, 64], 'act_fun': 'relu', 'learning_rate': 0.005, 'batch_size': 32, 'l2_reg': 0.0001, 'n_epochs': 400}",20240610_195950,400,4,0.0004658873572276829,6.9296743180841656e-06
72,Grid,529,1.4762524022460294e-05,1.0552311939247113e-05,0.0015224182404726273,0.001212256569849189,"{'units': [256, 256, 256, 128, 64], 'act_fun': 'relu', 'learning_rate': 0.005, 'batch_size': 32, 'l2_reg': 0.0001, 'n_epochs': 400}",20240610_200016,400,5,0.0003101616706234383,4.210212083213181e-06
73,Grid,529,1.973720482095832e-05,7.3693704475309314e-06,0.001580828632253855,0.001138801711997652,"{'units': [256, 256, 256, 128, 64], 'act_fun': 'relu', 'learning_rate': 0.005, 'batch_size': 32, 'l2_reg': 0.0001, 'n_epochs': 400}",20240610_200042,400,6,0.00044202692025620293,1.236783437342739e-05
74,Grid,529,1.6481323690782698e-05,4.657994221321224e-06,0.0015015471790843934,0.0009139055494273038,"{'units': [256, 256, 256, 128, 64], 'act_fun': 'relu', 'learning_rate': 0.005, 'batch_size': 32, 'l2_reg': 0.0001, 'n_epochs': 400}",20240610_200107,400,7,0.0005876416296570896,1.1823329469461474e-05
75,Grid,529,1.4116572735301373e-05,8.353424693881809e-06,0.0014756814533051202,0.0012235934117974879,"{'units': [256, 256, 256, 128, 64], 'act_fun': 'relu', 'learning_rate': 0.005, 'batch_size': 32, 'l2_reg': 0.0001, 'n_epochs': 400}",20240610_200132,400,8,0.0002520880415076323,5.763148041419564e-06
76,Grid,529,1.304829910437264e-05,1.1315282978844976e-05,0.0014133330513545423,0.0013205374095791467,"{'units': [256, 256, 256, 128, 64], 'act_fun': 'relu', 'learning_rate': 0.005, 'batch_size': 32, 'l2_reg': 0.0001, 'n_epochs': 400}",20240610_200157,400,9,9.279564177539553e-05,1.7330161255276644e-06
33,Grid,1849,4.428620904786175e-06,6.963681433337335e-06,0.0008969355157958,0.0009176799648276,"{'units': [256, 256, 256, 128, 64], 'act_fun': 'relu', 'learning_rate': 0.005, 'batch_size': 32, 'l2_reg': 0.0001, 'n_epochs': 400}",20240610_184013,400.0,0,2.074444903181049e-05,2.53506052855116e-06
34,Grid,1849,2.7338875218110062e-06,5.756601488465645e-06,0.0007222982595462,0.0007944798256797,"{'units': [256, 256, 256, 128, 64], 'act_fun': 'relu', 'learning_rate': 0.005, 'batch_size': 32, 'l2_reg': 0.0001, 'n_epochs': 400}",20240610_184106,400.0,1,7.218156613350861e-05,3.0227139666546387e-06
35,Grid,1849,2.943226125120786e-06,4.205725123457517e-06,0.0007599962288145,0.0008192639927269,"{'units': [256, 256, 256, 128, 64], 'act_fun': 'relu', 'learning_rate': 0.005, 'batch_size': 32, 'l2_reg': 0.0001, 'n_epochs': 400}",20240610_184159,400.0,2,5.926776391236045e-05,1.2624989983367311e-06
77,Grid,1849,5.7453582818537235e-06,8.106207502945409e-06,0.0010208108560571696,0.0010891169820381372,"{'units': [256, 256, 256, 128, 64], 'act_fun': 'relu', 'learning_rate': 0.005, 'batch_size': 32, 'l2_reg': 0.0001, 'n_epochs': 400}",20240610_200222,400,3,6.83061259809676e-05,2.3608492210916854e-06
78,Grid,1849,3.771454863812147e-06,7.731976110560714e-06,0.0009164831304236211,0.0010438548726680924,"{'units': [256, 256, 256, 128, 64], 'act_fun': 'relu', 'learning_rate': 0.005, 'batch_size': 32, 'l2_reg': 0.0001, 'n_epochs': 400}",20240610_200315,400,4,0.00012737174224447133,3.960521246748568e-06
79,Grid,1849,3.8119954983030007e-06,5.780210571049494e-06,0.0008742411513757729,0.0009388541377521815,"{'units': [256, 256, 256, 128, 64], 'act_fun': 'relu', 'learning_rate': 0.005, 'batch_size': 32, 'l2_reg': 0.0001, 'n_epochs': 400}",20240610_200408,400,5,6.461298637640864e-05,1.9682150727464936e-06
80,Grid,1849,2.0526497261435863e-06,3.5452994464569244e-06,0.000681569388988982,0.0007263633178811039,"{'units': [256, 256, 256, 128, 64], 'act_fun': 'relu', 'learning_rate': 0.005, 'batch_size': 32, 'l2_reg': 0.0001, 'n_epochs': 400}",20240610_200500,400,6,4.479392889212186e-05,1.492649720313338e-06
81,Grid,1849,2.9141277564636223e-06,6.836043621951511e-06,0.0008105553738826777,0.0009525008210405889,"{'units': [256, 256, 256, 128, 64], 'act_fun': 'relu', 'learning_rate': 0.005, 'batch_size': 32, 'l2_reg': 0.0001, 'n_epochs': 400}",20240610_200552,400,7,0.00014194544715791127,3.921915865487889e-06
82,Grid,1849,5.398202353377038e-06,8.99787322395754e-06,0.0009497255752111858,0.0010397045140664654,"{'units': [256, 256, 256, 128, 64], 'act_fun': 'relu', 'learning_rate': 0.005, 'batch_size': 32, 'l2_reg': 0.0001, 'n_epochs': 400}",20240610_200643,400,8,8.997893885527965e-05,3.5996708705805013e-06
83,Grid,1849,7.069632726797202e-05,9.429920183901074e-05,0.004371530515780756,0.004546944441948668,"{'units': [256, 256, 256, 128, 64], 'act_fun': 'relu', 'learning_rate': 0.005, 'batch_size': 32, 'l2_reg': 0.0001, 'n_epochs': 400}",20240610_200739,205,9,0.0001754139261679116,2.3602874571038726e-05
36,LatinHyperCube,25,0.0062679243970867,0.0026452872908402,0.0424706245499363,0.0335534797127826,"{'units': [256, 256, 256, 128, 64], 'act_fun': 'relu', 'learning_rate': 0.005, 'batch_size': 32, 'l2_reg': 0.0001, 'n_epochs': 400}",20240610_184252,400.0,0,0.0089171448371536,0.0036226371062465
37,LatinHyperCube,25,0.0061664646073037,0.0011750849502389,0.0375308062832493,0.0218560516401163,"{'units': [256, 256, 256, 128, 64], 'act_fun': 'relu', 'learning_rate': 0.005, 'batch_size': 32, 'l2_reg': 0.0001, 'n_epochs': 400}",20240610_184307,400.0,1,0.0156747546431329,0.0049913796570648
38,LatinHyperCube,25,0.0052193378747599,0.0010021554514313,0.0359694427688225,0.0201134069003602,"{'units': [256, 256, 256, 128, 64], 'act_fun': 'relu', 'learning_rate': 0.005, 'batch_size': 32, 'l2_reg': 0.0001, 'n_epochs': 400}",20240610_184323,360.0,2,0.0158560358684623,0.0042171824233285
84,LatinHyperCube,25,0.01226305673256299,0.015069458471201174,0.060238264035966785,0.06610801087636492,"{'units': [256, 256, 256, 128, 64], 'act_fun': 'relu', 'learning_rate': 0.005, 'batch_size': 32, 'l2_reg': 0.0001, 'n_epochs': 400}",20240610_200808,400,3,0.005869746840398135,0.0028064017386381836
85,LatinHyperCube,25,0.008939278407922547,0.008751724432939534,0.05046298121834338,0.052808008955627726,"{'units': [256, 256, 256, 128, 64], 'act_fun': 'relu', 'learning_rate': 0.005, 'batch_size': 32, 'l2_reg': 0.0001, 'n_epochs': 400}",20240610_200824,400,4,0.002345027737284344,0.00018755397498301275
86,LatinHyperCube,25,0.0026712666803298223,0.000341247710206194,0.020109734894824666,0.010622159273170688,"{'units': [256, 256, 256, 128, 64], 'act_fun': 'relu', 'learning_rate': 0.005, 'batch_size': 32, 'l2_reg': 0.0001, 'n_epochs': 400}",20240610_200840,400,5,0.009487575621653978,0.0023300189701236282
87,LatinHyperCube,25,0.0034856071147036944,0.0004903897800757679,0.025453198435390536,0.013673259406741481,"{'units': [256, 256, 256, 128, 64], 'act_fun': 'relu', 'learning_rate': 0.005, 'batch_size': 32, 'l2_reg': 0.0001, 'n_epochs': 400}",20240610_200855,400,6,0.011779939028649055,0.0029952173346279266
88,LatinHyperCube,25,0.006318405624547962,0.0013803275444255417,0.03916479584068201,0.02401672932399538,"{'units': [256, 256, 256, 128, 64], 'act_fun': 'relu', 'learning_rate': 0.005, 'batch_size': 32, 'l2_reg': 0.0001, 'n_epochs': 400}",20240610_200911,226,7,0.015148066516686633,0.00493807808012242
89,LatinHyperCube,25,0.005777556955443138,0.0013962986401808823,0.03881835483921579,0.02359284200008326,"{'units': [256, 256, 256, 128, 64], 'act_fun': 'relu', 'learning_rate': 0.005, 'batch_size': 32, 'l2_reg': 0.0001, 'n_epochs': 400}",20240610_200921,211,8,0.015225512839132534,0.004381258315262256
90,LatinHyperCube,25,0.0038669905573692634,0.001135274703743037,0.02908404630949686,0.021847659456098085,"{'units': [256, 256, 256, 128, 64], 'act_fun': 'relu', 'learning_rate': 0.005, 'batch_size': 32, 'l2_reg': 0.0001, 'n_epochs': 400}",20240610_200931,400,9,0.007236386853398776,0.002731715853626226
39,LatinHyperCube,49,0.0051813381251559,0.0025319657662806,0.0331496887230187,0.0244255903295813,"{'units': [256, 256, 256, 128, 64], 'act_fun': 'relu', 'learning_rate': 0.005, 'batch_size': 32, 'l2_reg': 0.0001, 'n_epochs': 400}",20240610_184337,380.0,0,0.0087240983934373,0.0026493723588752
40,LatinHyperCube,49,0.0054592498181141,0.0029008167020812,0.0356392588976327,0.0300091676913849,"{'units': [256, 256, 256, 128, 64], 'act_fun': 'relu', 'learning_rate': 0.005, 'batch_size': 32, 'l2_reg': 0.0001, 'n_epochs': 400}",20240610_184354,400.0,1,0.0056300912062478,0.0025584331160329
41,LatinHyperCube,49,0.0051675170075315,0.0025998231163938,0.0322708517464215,0.0255210679119391,"{'units': [256, 256, 256, 128, 64], 'act_fun': 'relu', 'learning_rate': 0.005, 'batch_size': 32, 'l2_reg': 0.0001, 'n_epochs': 400}",20240610_184411,400.0,2,0.0067497838344824,0.0025676938911377
91,LatinHyperCube,49,0.0052875643922853065,0.002596069568967309,0.029856359411810994,0.02474849226206567,"{'units': [256, 256, 256, 128, 64], 'act_fun': 'relu', 'learning_rate': 0.005, 'batch_size': 32, 'l2_reg': 0.0001, 'n_epochs': 400}",20240610_200947,400,3,0.005107867149745322,0.0026914948233179975
92,LatinHyperCube,49,0.005133654894595916,0.002652886013495229,0.031174921236702915,0.02516491550382921,"{'units': [256, 256, 256, 128, 64], 'act_fun': 'relu', 'learning_rate': 0.005, 'batch_size': 32, 'l2_reg': 0.0001, 'n_epochs': 400}",20240610_201003,400,4,0.006010005732873705,0.002480768881100687
93,LatinHyperCube,49,0.0047226535551808295,0.002567533386926673,0.029974246560833757,0.024949632328756077,"{'units': [256, 256, 256, 128, 64], 'act_fun': 'relu', 'learning_rate': 0.005, 'batch_size': 32, 'l2_reg': 0.0001, 'n_epochs': 400}",20240610_201020,400,5,0.00502461423207768,0.0021551201682541567
94,LatinHyperCube,49,0.004720119316744583,0.0022419303519323765,0.03149613044539312,0.023518396818049823,"{'units': [256, 256, 256, 128, 64], 'act_fun': 'relu', 'learning_rate': 0.005, 'batch_size': 32, 'l2_reg': 0.0001, 'n_epochs': 400}",20240610_201036,376,6,0.0079777336273433,0.0024781889648122063
95,LatinHyperCube,49,0.0046578837915232955,0.0025091453988202897,0.030926495628668935,0.026007253950443947,"{'units': [256, 256, 256, 128, 64], 'act_fun': 'relu', 'learning_rate': 0.005, 'batch_size': 32, 'l2_reg': 0.0001, 'n_epochs': 400}",20240610_201055,400,7,0.004919241678224988,0.002148738392703006
96,LatinHyperCube,49,0.028302963527388945,0.03669150670330856,0.087633793197,0.09418155529420241,"{'units': [256, 256, 256, 128, 64], 'act_fun': 'relu', 'learning_rate': 0.005, 'batch_size': 32, 'l2_reg': 0.0001, 'n_epochs': 400}",20240610_201112,130,8,0.006547762097202411,0.008388543175919617
97,LatinHyperCube,49,0.006249882856473408,0.002964687808226116,0.03917701825433842,0.03289705200526732,"{'units': [256, 256, 256, 128, 64], 'act_fun': 'relu', 'learning_rate': 0.005, 'batch_size': 32, 'l2_reg': 0.0001, 'n_epochs': 400}",20240610_201119,196,9,0.006279966249071102,0.003285195048247292
42,LatinHyperCube,121,0.0004570903675152,7.058182695447389e-05,0.0067987181009223,0.0041764854587384,"{'units': [256, 256, 256, 128, 64], 'act_fun': 'relu', 'learning_rate': 0.005, 'batch_size': 32, 'l2_reg': 0.0001, 'n_epochs': 400}",20240610_184428,392.0,0,0.0026222326421839,0.0003865085405607
43,LatinHyperCube,121,0.0003474079391554,0.0002380395861945,0.0059202450491,0.0043499960327213,"{'units': [256, 256, 256, 128, 64], 'act_fun': 'relu', 'learning_rate': 0.005, 'batch_size': 32, 'l2_reg': 0.0001, 'n_epochs': 400}",20240610_184445,400.0,1,0.0015702490163786,0.0001093683529608
44,LatinHyperCube,121,0.0001402224453889,4.590214594211794e-05,0.0044732445914186,0.0031346677974146,"{'units': [256, 256, 256, 128, 64], 'act_fun': 'relu', 'learning_rate': 0.005, 'batch_size': 32, 'l2_reg': 0.0001, 'n_epochs': 400}",20240610_184502,400.0,2,0.0013385767940039,9.432029944681624e-05
98,LatinHyperCube,121,0.0014129673802766045,0.00034564719028952224,0.012127427842893557,0.0068005290080706245,"{'units': [256, 256, 256, 128, 64], 'act_fun': 'relu', 'learning_rate': 0.005, 'batch_size': 32, 'l2_reg': 0.0001, 'n_epochs': 400}",20240610_201128,400,3,0.005326898834822932,0.0010673201899870821
99,LatinHyperCube,121,9.046478787412307e-05,1.6008962979999046e-05,0.0033820877960415744,0.0017862665381897702,"{'units': [256, 256, 256, 128, 64], 'act_fun': 'relu', 'learning_rate': 0.005, 'batch_size': 32, 'l2_reg': 0.0001, 'n_epochs': 400}",20240610_201146,400,4,0.0015958212578518042,7.445582489412403e-05
100,LatinHyperCube,121,0.0004010483695527491,0.00015633700982893708,0.007172888390247402,0.0053528432731671325,"{'units': [256, 256, 256, 128, 64], 'act_fun': 'relu', 'learning_rate': 0.005, 'batch_size': 32, 'l2_reg': 0.0001, 'n_epochs': 400}",20240610_201203,400,5,0.0018200451170802693,0.00024471135972381204
101,LatinHyperCube,121,0.0005623484163256986,0.000299078539793993,0.009084333019782823,0.007867294674882095,"{'units': [256, 256, 256, 128, 64], 'act_fun': 'relu', 'learning_rate': 0.005, 'batch_size': 32, 'l2_reg': 0.0001, 'n_epochs': 400}",20240610_201220,400,6,0.001217038344900728,0.00026326987653170557
102,LatinHyperCube,121,0.00183407051791789,0.00042372477560166834,0.013196072782840271,0.007860273942207313,"{'units': [256, 256, 256, 128, 64], 'act_fun': 'relu', 'learning_rate': 0.005, 'batch_size': 32, 'l2_reg': 0.0001, 'n_epochs': 400}",20240610_201239,400,7,0.005335798840632958,0.0014103457423162216
103,LatinHyperCube,121,0.0003349851566348163,0.0002262807272879866,0.006187948537619832,0.0053670601676124394,"{'units': [256, 256, 256, 128, 64], 'act_fun': 'relu', 'learning_rate': 0.005, 'batch_size': 32, 'l2_reg': 0.0001, 'n_epochs': 400}",20240610_201256,400,8,0.0008208883700073924,0.00010870442934682968
104,LatinHyperCube,121,0.0004027238832077119,0.0001709139005005622,0.0066955647372042735,0.004485128017863958,"{'units': [256, 256, 256, 128, 64], 'act_fun': 'relu', 'learning_rate': 0.005, 'batch_size': 32, 'l2_reg': 0.0001, 'n_epochs': 400}",20240610_201314,400,9,0.0022104367193403153,0.0002318099827071497
45,LatinHyperCube,169,0.0002166606772548,0.0001929852720475,0.0042434023023496,0.0044709068482719,"{'units': [256, 256, 256, 128, 64], 'act_fun': 'relu', 'learning_rate': 0.005, 'batch_size': 32, 'l2_reg': 0.0001, 'n_epochs': 400}",20240610_184519,400.0,0,0.0002275045459222,2.3675405207264355e-05
46,LatinHyperCube,169,0.0002033991145119,0.0001491453485845,0.0040588365806462,0.0042111334746194,"{'units': [256, 256, 256, 128, 64], 'act_fun': 'relu', 'learning_rate': 0.005, 'batch_size': 32, 'l2_reg': 0.0001, 'n_epochs': 400}",20240610_184539,400.0,1,0.0001522968939732,5.425376592742837e-05
47,LatinHyperCube,169,0.0003086465633414,0.0002849627187824,0.0053999750594446,0.0057158250374891,"{'units': [256, 256, 256, 128, 64], 'act_fun': 'relu', 'learning_rate': 0.005, 'batch_size': 32, 'l2_reg': 0.0001, 'n_epochs': 400}",20240610_184558,387.0,2,0.0003158499780445,2.368384455902556e-05
105,LatinHyperCube,169,0.00048108177918715714,0.0004599772292888337,0.005766234402697173,0.006866407445957356,"{'units': [256, 256, 256, 128, 64], 'act_fun': 'relu', 'learning_rate': 0.005, 'batch_size': 32, 'l2_reg': 0.0001, 'n_epochs': 400}",20240610_201331,400,3,0.001100173043260183,2.1104549898323416e-05
106,LatinHyperCube,169,0.0001551345648247519,0.0001290343853158755,0.0035219640906640533,0.003392828270602922,"{'units': [256, 256, 256, 128, 64], 'act_fun': 'relu', 'learning_rate': 0.005, 'batch_size': 32, 'l2_reg': 0.0001, 'n_epochs': 400}",20240610_201349,400,4,0.00012913582006113125,2.6100179508876416e-05
107,LatinHyperCube,169,0.0002123933437229884,0.00021498942715769418,0.004718041953053364,0.004741103457866833,"{'units': [256, 256, 256, 128, 64], 'act_fun': 'relu', 'learning_rate': 0.005, 'batch_size': 32, 'l2_reg': 0.0001, 'n_epochs': 400}",20240610_201411,400,5,2.306150481346924e-05,2.5960834347057862e-06
108,LatinHyperCube,169,0.00034576159898665296,0.00038291009386006553,0.00522782668877319,0.006106292806077586,"{'units': [256, 256, 256, 128, 64], 'act_fun': 'relu', 'learning_rate': 0.005, 'batch_size': 32, 'l2_reg': 0.0001, 'n_epochs': 400}",20240610_201430,400,6,0.0008784661173043959,3.714849487341257e-05
109,LatinHyperCube,169,0.00019049039918698726,0.00018166257290677502,0.003979387300345253,0.004323603313234788,"{'units': [256, 256, 256, 128, 64], 'act_fun': 'relu', 'learning_rate': 0.005, 'batch_size': 32, 'l2_reg': 0.0001, 'n_epochs': 400}",20240610_201449,400,7,0.00034421601288953455,8.827826280212236e-06
110,LatinHyperCube,169,0.00029989384235611896,0.0003107966560893455,0.004768339638373319,0.005577162051412224,"{'units': [256, 256, 256, 128, 64], 'act_fun': 'relu', 'learning_rate': 0.005, 'batch_size': 32, 'l2_reg': 0.0001, 'n_epochs': 400}",20240610_201507,400,8,0.000808822413038905,1.0902813733226551e-05
111,LatinHyperCube,169,0.0002737348953964256,0.00025502415434620754,0.0048881790507149326,0.005262915916506418,"{'units': [256, 256, 256, 128, 64], 'act_fun': 'relu', 'learning_rate': 0.005, 'batch_size': 32, 'l2_reg': 0.0001, 'n_epochs': 400}",20240610_201525,400,9,0.000374736865791485,1.871074105021806e-05
48,LatinHyperCube,529,3.3359795431005626e-05,1.8392817538776093e-05,0.0014744517785039,0.0011913953557023,"{'units': [256, 256, 256, 128, 64], 'act_fun': 'relu', 'learning_rate': 0.005, 'batch_size': 32, 'l2_reg': 0.0001, 'n_epochs': 400}",20240610_184616,400.0,0,0.0002830564228015,1.4966977892229532e-05
49,LatinHyperCube,529,4.197976816055578e-05,2.470635481693785e-05,0.001976135215126,0.0017602003729264,"{'units': [256, 256, 256, 128, 64], 'act_fun': 'relu', 'learning_rate': 0.005, 'batch_size': 32, 'l2_reg': 0.0001, 'n_epochs': 400}",20240610_184642,400.0,1,0.0002159348421995,1.727341334361793e-05
50,LatinHyperCube,529,1.4190480274211991e-05,1.308717005577791e-05,0.0012359179603078,0.0012675477781404,"{'units': [256, 256, 256, 128, 64], 'act_fun': 'relu', 'learning_rate': 0.005, 'batch_size': 32, 'l2_reg': 0.0001, 'n_epochs': 400}",20240610_184707,400.0,2,3.162981783260484e-05,1.103310218434082e-06
112,LatinHyperCube,529,3.391523315602705e-05,1.757258803610623e-05,0.00202977872669747,0.0017714342324992624,"{'units': [256, 256, 256, 128, 64], 'act_fun': 'relu', 'learning_rate': 0.005, 'batch_size': 32, 'l2_reg': 0.0001, 'n_epochs': 400}",20240610_201543,400,3,0.0002583444941982075,1.634264511992082e-05
113,LatinHyperCube,529,3.269883403118741e-05,1.5588605185569715e-05,0.0017676192335752553,0.0014739279166422264,"{'units': [256, 256, 256, 128, 64], 'act_fun': 'relu', 'learning_rate': 0.005, 'batch_size': 32, 'l2_reg': 0.0001, 'n_epochs': 400}",20240610_201613,400,4,0.00029369131693302887,1.71102288456177e-05
114,LatinHyperCube,529,5.457575919635208e-05,3.967590022227124e-05,0.0017756903615627287,0.0016441385734296662,"{'units': [256, 256, 256, 128, 64], 'act_fun': 'relu', 'learning_rate': 0.005, 'batch_size': 32, 'l2_reg': 0.0001, 'n_epochs': 400}",20240610_201639,400,5,0.00013155178813306244,1.4899858974080836e-05
115,LatinHyperCube,529,5.579935263815488e-05,4.7428366559056966e-05,0.00202865877369852,0.002139883593304737,"{'units': [256, 256, 256, 128, 64], 'act_fun': 'relu', 'learning_rate': 0.005, 'batch_size': 32, 'l2_reg': 0.0001, 'n_epochs': 400}",20240610_201704,400,6,0.00011122481960621671,8.370986079097915e-06
116,LatinHyperCube,529,6.113674442756522e-05,5.40337317216257e-05,0.0016906386494940817,0.0015910560667029032,"{'units': [256, 256, 256, 128, 64], 'act_fun': 'relu', 'learning_rate': 0.005, 'batch_size': 32, 'l2_reg': 0.0001, 'n_epochs': 400}",20240610_201730,400,7,9.958258279117857e-05,7.103012705939521e-06
117,LatinHyperCube,529,1.6605837727780433e-05,1.089986078257245e-05,0.0016143264841510805,0.0014649735381091142,"{'units': [256, 256, 256, 128, 64], 'act_fun': 'relu', 'learning_rate': 0.005, 'batch_size': 32, 'l2_reg': 0.0001, 'n_epochs': 400}",20240610_201755,400,8,0.00014935294604196628,5.705976945207983e-06
118,LatinHyperCube,529,5.5467678884315296e-05,2.6601459567754577e-05,0.0018895981154201029,0.0014511896215083494,"{'units': [256, 256, 256, 128, 64], 'act_fun': 'relu', 'learning_rate': 0.005, 'batch_size': 32, 'l2_reg': 0.0001, 'n_epochs': 400}",20240610_201820,400,9,0.00043840849391175345,2.886621931656072e-05
51,LatinHyperCube,1849,5.603914433065623e-06,4.960856144178999e-06,0.0009491124241419,0.0009751008398682,"{'units': [256, 256, 256, 128, 64], 'act_fun': 'relu', 'learning_rate': 0.005, 'batch_size': 32, 'l2_reg': 0.0001, 'n_epochs': 400}",20240610_184732,400.0,0,2.5988415726327287e-05,6.430582888866242e-07
52,LatinHyperCube,1849,5.822437563018741e-06,6.5836067784343845e-06,0.0009049609036525,0.000990613486048,"{'units': [256, 256, 256, 128, 64], 'act_fun': 'relu', 'learning_rate': 0.005, 'batch_size': 32, 'l2_reg': 0.0001, 'n_epochs': 400}",20240610_184825,400.0,1,8.565258239543339e-05,7.611692154156436e-07
53,LatinHyperCube,1849,5.764302413588072e-06,8.909714856443216e-06,0.0008641297562642,0.0009569547554148,"{'units': [256, 256, 256, 128, 64], 'act_fun': 'relu', 'learning_rate': 0.005, 'batch_size': 32, 'l2_reg': 0.0001, 'n_epochs': 400}",20240610_184917,400.0,2,9.282499915060105e-05,3.145412442855145e-06
119,LatinHyperCube,1849,7.154630377828118e-06,6.958591239999046e-06,0.0010009187301076284,0.0011108672601083344,"{'units': [256, 256, 256, 128, 64], 'act_fun': 'relu', 'learning_rate': 0.005, 'batch_size': 32, 'l2_reg': 0.0001, 'n_epochs': 400}",20240610_201849,400,3,0.00010994853000070599,1.9603913782907192e-07
120,LatinHyperCube,1849,0.00011901350399275414,0.00011355503960300015,0.00432979074942588,0.004218712891202146,"{'units': [256, 256, 256, 128, 64], 'act_fun': 'relu', 'learning_rate': 0.005, 'batch_size': 32, 'l2_reg': 0.0001, 'n_epochs': 400}",20240610_201942,151,4,0.00011107785822373362,5.458464389753988e-06
121,LatinHyperCube,1849,1.157404972083693e-05,1.255018844368749e-05,0.001147770956382264,0.0012511575689984162,"{'units': [256, 256, 256, 128, 64], 'act_fun': 'relu', 'learning_rate': 0.005, 'batch_size': 32, 'l2_reg': 0.0001, 'n_epochs': 400}",20240610_202003,400,5,0.00010338661261615227,9.761387228505595e-07
122,LatinHyperCube,1849,5.019622885855046e-05,4.73421032835273e-05,0.0030941548648083348,0.00299766313096507,"{'units': [256, 256, 256, 128, 64], 'act_fun': 'relu', 'learning_rate': 0.005, 'batch_size': 32, 'l2_reg': 0.0001, 'n_epochs': 400}",20240610_202055,181,6,9.649173384326457e-05,2.8541255750231617e-06
123,LatinHyperCube,1849,8.414641537078756e-06,7.323789067132791e-06,0.0009681947102622814,0.000980022528400021,"{'units': [256, 256, 256, 128, 64], 'act_fun': 'relu', 'learning_rate': 0.005, 'batch_size': 32, 'l2_reg': 0.0001, 'n_epochs': 400}",20240610_202120,400,7,1.1827818137739692e-05,1.090852469945965e-06
124,LatinHyperCube,1849,9.348403166553964e-06,9.288219137054368e-06,0.0010918368204462028,0.0011663407302893304,"{'units': [256, 256, 256, 128, 64], 'act_fun': 'relu', 'learning_rate': 0.005, 'batch_size': 32, 'l2_reg': 0.0001, 'n_epochs': 400}",20240610_202212,400,8,7.450390984312756e-05,6.018402949959555e-08
125,LatinHyperCube,1849,6.314223618129088e-06,7.001440115596097e-06,0.0010039035972005768,0.001076162047211967,"{'units': [256, 256, 256, 128, 64], 'act_fun': 'relu', 'learning_rate': 0.005, 'batch_size': 32, 'l2_reg': 0.0001, 'n_epochs': 400}",20240610_202307,400,9,7.22584500113903e-05,6.872164974670091e-07
54,OrtogonalLatinHyperCube,25,0.005568215296153,0.0015166543145851,0.0319327682481101,0.0235832939832193,"{'units': [256, 256, 256, 128, 64], 'act_fun': 'relu', 'learning_rate': 0.005, 'batch_size': 32, 'l2_reg': 0.0001, 'n_epochs': 400}",20240610_185010,400.0,0,0.0083494742648908,0.0040515609815678
55,OrtogonalLatinHyperCube,25,0.006052511742932,0.0022894935497774,0.0358893377161809,0.030312532790126,"{'units': [256, 256, 256, 128, 64], 'act_fun': 'relu', 'learning_rate': 0.005, 'batch_size': 32, 'l2_reg': 0.0001, 'n_epochs': 400}",20240610_185026,350.0,1,0.0055768049260549,0.0037630181931545
56,OrtogonalLatinHyperCube,25,0.0062956814773243,0.002060970666767,0.0372566994437945,0.029490005086263,"{'units': [256, 256, 256, 128, 64], 'act_fun': 'relu', 'learning_rate': 0.005, 'batch_size': 32, 'l2_reg': 0.0001, 'n_epochs': 400}",20240610_185040,343.0,2,0.0077666943575315,0.0042347108105572
126,OrtogonalLatinHyperCube,25,0.026900867198929125,0.008837009591990772,0.08409612293923159,0.057642787566116446,"{'units': [256, 256, 256, 128, 64], 'act_fun': 'relu', 'learning_rate': 0.005, 'batch_size': 32, 'l2_reg': 0.0001, 'n_epochs': 400}",20240610_202401,231,3,0.026453335373115144,0.018063857606938353
127,OrtogonalLatinHyperCube,25,0.027042841570645074,0.008711320420743298,0.08409822326968179,0.05684115196920662,"{'units': [256, 256, 256, 128, 64], 'act_fun': 'relu', 'learning_rate': 0.005, 'batch_size': 32, 'l2_reg': 0.0001, 'n_epochs': 400}",20240610_202411,215,4,0.027257071300475173,0.018331521149901775
128,OrtogonalLatinHyperCube,25,0.025991239579745477,0.00848885657836756,0.0826390769878608,0.056833527725165846,"{'units': [256, 256, 256, 128, 64], 'act_fun': 'relu', 'learning_rate': 0.005, 'batch_size': 32, 'l2_reg': 0.0001, 'n_epochs': 400}",20240610_202421,296,5,0.025805549262694953,0.017502383001377915
129,OrtogonalLatinHyperCube,25,0.006012431009916562,0.0024709343025562116,0.036426203481780474,0.031097724329472495,"{'units': [256, 256, 256, 128, 64], 'act_fun': 'relu', 'learning_rate': 0.005, 'batch_size': 32, 'l2_reg': 0.0001, 'n_epochs': 400}",20240610_202433,397,6,0.005328479152307979,0.0035414967073603503
130,OrtogonalLatinHyperCube,25,0.029096617255137562,0.008608719796202487,0.08602389255426507,0.054370270500481474,"{'units': [256, 256, 256, 128, 64], 'act_fun': 'relu', 'learning_rate': 0.005, 'batch_size': 32, 'l2_reg': 0.0001, 'n_epochs': 400}",20240610_202448,315,7,0.031653622053783595,0.020487897458935075
131,OrtogonalLatinHyperCube,25,0.00631109286480767,0.001896334411593083,0.03672555276299451,0.02584682756078833,"{'units': [256, 256, 256, 128, 64], 'act_fun': 'relu', 'learning_rate': 0.005, 'batch_size': 32, 'l2_reg': 0.0001, 'n_epochs': 400}",20240610_202504,332,8,0.010878725202206181,0.004414758453214587
132,OrtogonalLatinHyperCube,25,0.029454515538125822,0.008505822592803908,0.08615065300540638,0.05351969196965858,"{'units': [256, 256, 256, 128, 64], 'act_fun': 'relu', 'learning_rate': 0.005, 'batch_size': 32, 'l2_reg': 0.0001, 'n_epochs': 400}",20240610_202518,236,9,0.0326309610357478,0.020948692945321916
57,OrtogonalLatinHyperCube,49,0.0069735222593474,0.0026484890838673,0.0300677271994932,0.0235580568296101,"{'units': [256, 256, 256, 128, 64], 'act_fun': 'relu', 'learning_rate': 0.005, 'batch_size': 32, 'l2_reg': 0.0001, 'n_epochs': 400}",20240610_185053,400.0,0,0.0065096703698831,0.0043250331754801
58,OrtogonalLatinHyperCube,49,0.0070134332398838,0.0023417072775672,0.0357531397456495,0.0231447103026769,"{'units': [256, 256, 256, 128, 64], 'act_fun': 'relu', 'learning_rate': 0.005, 'batch_size': 32, 'l2_reg': 0.0001, 'n_epochs': 400}",20240610_185111,373.0,1,0.0126084294429726,0.0046717259623165
59,OrtogonalLatinHyperCube,49,0.0075790287361508,0.0027572909028722,0.0364018396795002,0.0244382048798593,"{'units': [256, 256, 256, 128, 64], 'act_fun': 'relu', 'learning_rate': 0.005, 'batch_size': 32, 'l2_reg': 0.0001, 'n_epochs': 400}",20240610_185126,360.0,2,0.0119636347996408,0.0048217378332785
133,OrtogonalLatinHyperCube,49,0.03595237284404959,0.02655946542827449,0.09127655445992484,0.07929428682401078,"{'units': [256, 256, 256, 128, 64], 'act_fun': 'relu', 'learning_rate': 0.005, 'batch_size': 32, 'l2_reg': 0.0001, 'n_epochs': 400}",20240610_202528,355,3,0.011982267635914062,0.0093929074157751
134,OrtogonalLatinHyperCube,49,0.035863462596590796,0.026502509889624614,0.09082475818361116,0.07892382860103624,"{'units': [256, 256, 256, 128, 64], 'act_fun': 'relu', 'learning_rate': 0.005, 'batch_size': 32, 'l2_reg': 0.0001, 'n_epochs': 400}",20240610_202543,209,4,0.011900929582574923,0.009360952706966182
135,OrtogonalLatinHyperCube,49,0.004732077199738058,0.001417728569139172,0.021465738286534548,0.01722434161567248,"{'units': [256, 256, 256, 128, 64], 'act_fun': 'relu', 'learning_rate': 0.005, 'batch_size': 32, 'l2_reg': 0.0001, 'n_epochs': 400}",20240610_202553,400,5,0.004241396670862069,0.003314348630598886
136,OrtogonalLatinHyperCube,49,0.0058899853065331785,0.0020719719727834247,0.024626461032849323,0.018562695855382505,"{'units': [256, 256, 256, 128, 64], 'act_fun': 'relu', 'learning_rate': 0.005, 'batch_size': 32, 'l2_reg': 0.0001, 'n_epochs': 400}",20240610_202609,338,6,0.006063765177466818,0.003818013333749754
137,OrtogonalLatinHyperCube,49,0.006195255148432396,0.002112804273052767,0.02424551022902474,0.01928016197237071,"{'units': [256, 256, 256, 128, 64], 'act_fun': 'relu', 'learning_rate': 0.005, 'batch_size': 32, 'l2_reg': 0.0001, 'n_epochs': 400}",20240610_202626,400,7,0.004965348256654033,0.0040824508753796295
138,OrtogonalLatinHyperCube,49,0.03591970065910288,0.026519860530454353,0.09132906884349919,0.07926678766546028,"{'units': [256, 256, 256, 128, 64], 'act_fun': 'relu', 'learning_rate': 0.005, 'batch_size': 32, 'l2_reg': 0.0001, 'n_epochs': 400}",20240610_202643,295,8,0.012062281178038911,0.009399840128648529
139,OrtogonalLatinHyperCube,49,0.005484417223257988,0.0017750515828941682,0.02622422288385547,0.01848295791170509,"{'units': [256, 256, 256, 128, 64], 'act_fun': 'relu', 'learning_rate': 0.005, 'batch_size': 32, 'l2_reg': 0.0001, 'n_epochs': 400}",20240610_202656,305,9,0.007741264972150379,0.0037093656403638193
60,OrtogonalLatinHyperCube,121,0.0001110315732222,0.0002824085343139,0.0031350516828979,0.0047097185312393,"{'units': [256, 256, 256, 128, 64], 'act_fun': 'relu', 'learning_rate': 0.005, 'batch_size': 32, 'l2_reg': 0.0001, 'n_epochs': 400}",20240610_185141,400.0,0,0.0015746668483414,0.0001713769610916
61,OrtogonalLatinHyperCube,121,0.000252957019073,0.0006959724636691,0.0048734298896625,0.0077470762441849,"{'units': [256, 256, 256, 128, 64], 'act_fun': 'relu', 'learning_rate': 0.005, 'batch_size': 32, 'l2_reg': 0.0001, 'n_epochs': 400}",20240610_185159,400.0,1,0.0028736463545223,0.0004430154445961
62,OrtogonalLatinHyperCube,121,0.0004042317360574,0.001051642718684,0.0052349176916847,0.0091865639273627,"{'units': [256, 256, 256, 128, 64], 'act_fun': 'relu', 'learning_rate': 0.005, 'batch_size': 32, 'l2_reg': 0.0001, 'n_epochs': 400}",20240610_185216,400.0,2,0.003951646235678,0.0006474109826266
140,OrtogonalLatinHyperCube,121,0.0001839138416361184,0.0005605271150197627,0.0038647441339189274,0.006682046725413819,"{'units': [256, 256, 256, 128, 64], 'act_fun': 'relu', 'learning_rate': 0.005, 'batch_size': 32, 'l2_reg': 0.0001, 'n_epochs': 400}",20240610_202709,400,3,0.0028173025914948915,0.0003766132733836443
141,OrtogonalLatinHyperCube,121,0.00014185635270315167,0.0005310078476466938,0.0036652284501158213,0.0060786180673242365,"{'units': [256, 256, 256, 128, 64], 'act_fun': 'relu', 'learning_rate': 0.005, 'batch_size': 32, 'l2_reg': 0.0001, 'n_epochs': 400}",20240610_202726,400,4,0.002413389617208415,0.00038915149494354217
142,OrtogonalLatinHyperCube,121,0.00023522140527440616,0.0006821539019448653,0.004304204510344308,0.007143484148138615,"{'units': [256, 256, 256, 128, 64], 'act_fun': 'relu', 'learning_rate': 0.005, 'batch_size': 32, 'l2_reg': 0.0001, 'n_epochs': 400}",20240610_202743,400,5,0.002839279637794307,0.00044693249667045914
143,OrtogonalLatinHyperCube,121,0.0001454126289086787,0.00044192192822308413,0.003821137668023048,0.005429761489298433,"{'units': [256, 256, 256, 128, 64], 'act_fun': 'relu', 'learning_rate': 0.005, 'batch_size': 32, 'l2_reg': 0.0001, 'n_epochs': 400}",20240610_202803,400,6,0.0016086238212753854,0.00029650929931440543
144,OrtogonalLatinHyperCube,121,0.0001362765648527464,0.00033150650427625196,0.0037636973304755053,0.005334799951512094,"{'units': [256, 256, 256, 128, 64], 'act_fun': 'relu', 'learning_rate': 0.005, 'batch_size': 32, 'l2_reg': 0.0001, 'n_epochs': 400}",20240610_202821,400,7,0.001571102621036589,0.00019522993942350556
145,OrtogonalLatinHyperCube,121,0.00013819019647929524,0.0003252523268763548,0.0038063019409466155,0.0053241729138828455,"{'units': [256, 256, 256, 128, 64], 'act_fun': 'relu', 'learning_rate': 0.005, 'batch_size': 32, 'l2_reg': 0.0001, 'n_epochs': 400}",20240610_202839,400,8,0.00151787097293623,0.00018706213039705957
146,OrtogonalLatinHyperCube,121,9.484026886788552e-05,8.78555963883908e-05,0.003333575052669178,0.0030997241847437146,"{'units': [256, 256, 256, 128, 64], 'act_fun': 'relu', 'learning_rate': 0.005, 'batch_size': 32, 'l2_reg': 0.0001, 'n_epochs': 400}",20240610_202856,400,9,0.00023385086792546356,6.984672479494724e-06
63,OrtogonalLatinHyperCube,169,0.0003490691687247,0.0002743338334141,0.0050850783851131,0.006044501494719,"{'units': [256, 256, 256, 128, 64], 'act_fun': 'relu', 'learning_rate': 0.005, 'batch_size': 32, 'l2_reg': 0.0001, 'n_epochs': 400}",20240610_185233,400.0,0,0.0009594231096058,7.47353353105213e-05
64,OrtogonalLatinHyperCube,169,0.0001671486544453,9.451301460789274e-05,0.0036171911126981,0.0037424389188314,"{'units': [256, 256, 256, 128, 64], 'act_fun': 'relu', 'learning_rate': 0.005, 'batch_size': 32, 'l2_reg': 0.0001, 'n_epochs': 400}",20240610_185253,400.0,1,0.0001252478061333,7.263563983743978e-05
65,OrtogonalLatinHyperCube,169,8.381187586958251e-05,4.450206132975127e-05,0.0026675538441997,0.002952727131098,"{'units': [256, 256, 256, 128, 64], 'act_fun': 'relu', 'learning_rate': 0.005, 'batch_size': 32, 'l2_reg': 0.0001, 'n_epochs': 400}",20240610_185312,400.0,2,0.0002851732868982,3.930981453983124e-05
147,OrtogonalLatinHyperCube,169,0.031001950697109,0.02903558002719656,0.0852768746419053,0.0828862196182616,"{'units': [256, 256, 256, 128, 64], 'act_fun': 'relu', 'learning_rate': 0.005, 'batch_size': 32, 'l2_reg': 0.0001, 'n_epochs': 400}",20240610_202913,400,3,0.0023906550236436896,0.00196637066991244
148,OrtogonalLatinHyperCube,169,8.289068197492823e-05,6.0731413630045856e-05,0.0027035217246512556,0.0032179755353938574,"{'units': [256, 256, 256, 128, 64], 'act_fun': 'relu', 'learning_rate': 0.005, 'batch_size': 32, 'l2_reg': 0.0001, 'n_epochs': 400}",20240610_202931,400,4,0.0005144538107426017,2.2159268344882376e-05
149,OrtogonalLatinHyperCube,169,0.00013860099877227157,0.00018759074669108435,0.0035779252826445736,0.004710206481266096,"{'units': [256, 256, 256, 128, 64], 'act_fun': 'relu', 'learning_rate': 0.005, 'batch_size': 32, 'l2_reg': 0.0001, 'n_epochs': 400}",20240610_202952,400,5,0.0011322811986215226,4.898974791881278e-05
150,OrtogonalLatinHyperCube,169,0.00012711014767165162,0.00014923281502307692,0.003353564905734161,0.0046496855156359,"{'units': [256, 256, 256, 128, 64], 'act_fun': 'relu', 'learning_rate': 0.005, 'batch_size': 32, 'l2_reg': 0.0001, 'n_epochs': 400}",20240610_203011,400,6,0.001296120609901739,2.2122667351425304e-05
151,OrtogonalLatinHyperCube,169,0.00012005099555694483,0.0001281037944528304,0.0031290959976437477,0.004078067028388066,"{'units': [256, 256, 256, 128, 64], 'act_fun': 'relu', 'learning_rate': 0.005, 'batch_size': 32, 'l2_reg': 0.0001, 'n_epochs': 400}",20240610_203030,400,7,0.000948971030744318,8.052798895885559e-06
152,OrtogonalLatinHyperCube,169,0.00010317922151804343,5.282898957773263e-05,0.002912417527605213,0.00333303470274337,"{'units': [256, 256, 256, 128, 64], 'act_fun': 'relu', 'learning_rate': 0.005, 'batch_size': 32, 'l2_reg': 0.0001, 'n_epochs': 400}",20240610_203048,400,8,0.0004206171751381569,5.0350231940310807e-05
153,OrtogonalLatinHyperCube,169,0.031216525746219435,0.029274171870363852,0.08628993292799435,0.08386099294259323,"{'units': [256, 256, 256, 128, 64], 'act_fun': 'relu', 'learning_rate': 0.005, 'batch_size': 32, 'l2_reg': 0.0001, 'n_epochs': 400}",20240610_203107,219,9,0.002428939985401113,0.0019423538758555833
66,OrtogonalLatinHyperCube,529,2.7707767419357575e-05,1.4469600593674132e-05,0.0013448022369407,0.0015012829194041,"{'units': [256, 256, 256, 128, 64], 'act_fun': 'relu', 'learning_rate': 0.005, 'batch_size': 32, 'l2_reg': 0.0001, 'n_epochs': 400}",20240610_185330,400.0,0,0.0001564806824634,1.3238166825683446e-05
67,OrtogonalLatinHyperCube,529,1.8007767907256272e-05,5.279173792206547e-06,0.0011044605709662,0.0011202451184869,"{'units': [256, 256, 256, 128, 64], 'act_fun': 'relu', 'learning_rate': 0.005, 'batch_size': 32, 'l2_reg': 0.0001, 'n_epochs': 400}",20240610_185356,400.0,1,1.57845475207087e-05,1.2728594115049725e-05
68,OrtogonalLatinHyperCube,529,1.91338822023187e-05,2.2143539142403185e-05,0.0014777331972956,0.001647890892462,"{'units': [256, 256, 256, 128, 64], 'act_fun': 'relu', 'learning_rate': 0.005, 'batch_size': 32, 'l2_reg': 0.0001, 'n_epochs': 400}",20240610_185421,400.0,2,0.0001701576951664,3.009656940084486e-06
154,OrtogonalLatinHyperCube,529,2.5963210223573336e-05,9.269472983491014e-06,0.0013756051874272677,0.0013324302488458995,"{'units': [256, 256, 256, 128, 64], 'act_fun': 'relu', 'learning_rate': 0.005, 'batch_size': 32, 'l2_reg': 0.0001, 'n_epochs': 400}",20240610_203118,400,3,4.3174938581368215e-05,1.669373724008232e-05
155,OrtogonalLatinHyperCube,529,2.7139116620035744e-05,8.136423225451975e-06,0.0014189487547856755,0.0013120979353562305,"{'units': [256, 256, 256, 128, 64], 'act_fun': 'relu', 'learning_rate': 0.005, 'batch_size': 32, 'l2_reg': 0.0001, 'n_epochs': 400}",20240610_203145,400,4,0.000106850819429445,1.9002693394583767e-05
156,OrtogonalLatinHyperCube,529,1.203319031544298e-05,7.408929994933164e-06,0.0012447384881386382,0.0012309872395596393,"{'units': [256, 256, 256, 128, 64], 'act_fun': 'relu', 'learning_rate': 0.005, 'batch_size': 32, 'l2_reg': 0.0001, 'n_epochs': 400}",20240610_203210,400,5,1.3751248578998962e-05,4.624260320509816e-06
157,OrtogonalLatinHyperCube,529,2.7715332471524468e-05,1.0219458710109656e-05,0.0013564652655395281,0.0012142951534509121,"{'units': [256, 256, 256, 128, 64], 'act_fun': 'relu', 'learning_rate': 0.005, 'batch_size': 32, 'l2_reg': 0.0001, 'n_epochs': 400}",20240610_203236,400,6,0.000142170112088616,1.7495873761414812e-05
158,OrtogonalLatinHyperCube,529,2.4656134971577906e-05,8.79354527558852e-06,0.0012852915977404672,0.001218433649339643,"{'units': [256, 256, 256, 128, 64], 'act_fun': 'relu', 'learning_rate': 0.005, 'batch_size': 32, 'l2_reg': 0.0001, 'n_epochs': 400}",20240610_203301,400,7,6.685794840082426e-05,1.5862589695989384e-05
159,OrtogonalLatinHyperCube,529,2.3242719782377607e-05,1.94124181079457e-05,0.001740227193569248,0.0016667967239986717,"{'units': [256, 256, 256, 128, 64], 'act_fun': 'relu', 'learning_rate': 0.005, 'batch_size': 32, 'l2_reg': 0.0001, 'n_epochs': 400}",20240610_203325,400,8,7.343046957057641e-05,3.8303016744319075e-06
160,OrtogonalLatinHyperCube,529,0.00020685022907848872,0.0002099430661769958,0.006377201809199398,0.00626809140453724,"{'units': [256, 256, 256, 128, 64], 'act_fun': 'relu', 'learning_rate': 0.005, 'batch_size': 32, 'l2_reg': 0.0001, 'n_epochs': 400}",20240610_203355,168,9,0.00010911040466215875,3.0928370985070788e-06
69,OrtogonalLatinHyperCube,1849,5.67034174158302e-06,6.416187451353182e-06,0.0009864854943334,0.0010740055432814,"{'units': [256, 256, 256, 128, 64], 'act_fun': 'relu', 'learning_rate': 0.005, 'batch_size': 32, 'l2_reg': 0.0001, 'n_epochs': 400}",20240610_185447,400.0,0,8.752004894798998e-05,7.458457097701624e-07
70,OrtogonalLatinHyperCube,1849,5.188857984717381e-06,6.082290214284866e-06,0.0009347920402427,0.0010209424531854,"{'units': [256, 256, 256, 128, 64], 'act_fun': 'relu', 'learning_rate': 0.005, 'batch_size': 32, 'l2_reg': 0.0001, 'n_epochs': 400}",20240610_185540,400.0,1,8.615041294275931e-05,8.934322295674855e-07
71,OrtogonalLatinHyperCube,1849,1.0677430975926851e-05,1.1259234667647492e-05,0.0011820668000408,0.0012658003715108,"{'units': [256, 256, 256, 128, 64], 'act_fun': 'relu', 'learning_rate': 0.005, 'batch_size': 32, 'l2_reg': 0.0001, 'n_epochs': 400}",20240610_185633,400.0,2,8.373357146996261e-05,5.818036917206404e-07
161,OrtogonalLatinHyperCube,1849,3.557123836788948e-06,3.905861816549702e-06,0.0007960335001043973,0.0008693266358891383,"{'units': [256, 256, 256, 128, 64], 'act_fun': 'relu', 'learning_rate': 0.005, 'batch_size': 32, 'l2_reg': 0.0001, 'n_epochs': 400}",20240610_203407,400,3,7.329313578474108e-05,3.4873797976075413e-07
162,OrtogonalLatinHyperCube,1849,4.1461783804003e-06,4.475945169584395e-06,0.0008668330966486736,0.0009585588496463207,"{'units': [256, 256, 256, 128, 64], 'act_fun': 'relu', 'learning_rate': 0.005, 'batch_size': 32, 'l2_reg': 0.0001, 'n_epochs': 400}",20240610_203501,400,4,9.172575299764717e-05,3.297667891840945e-07
163,OrtogonalLatinHyperCube,1849,3.648238796742938e-06,3.7424070849943813e-06,0.0008220494717339293,0.0008604812026428585,"{'units': [256, 256, 256, 128, 64], 'act_fun': 'relu', 'learning_rate': 0.005, 'batch_size': 32, 'l2_reg': 0.0001, 'n_epochs': 400}",20240610_203553,400,5,3.8431730908929204e-05,9.416828825144346e-08
164,OrtogonalLatinHyperCube,1849,8.420354654667856e-06,8.402626996449828e-06,0.0011909006996965352,0.0012587919837837376,"{'units': [256, 256, 256, 128, 64], 'act_fun': 'relu', 'learning_rate': 0.005, 'batch_size': 32, 'l2_reg': 0.0001, 'n_epochs': 400}",20240610_203645,400,6,6.789128408720238e-05,1.772765821802799e-08
165,OrtogonalLatinHyperCube,1849,2.6062993766688505e-06,3.3129479480692894e-06,0.0006396694405835623,0.0007559761371047825,"{'units': [256, 256, 256, 128, 64], 'act_fun': 'relu', 'learning_rate': 0.005, 'batch_size': 32, 'l2_reg': 0.0001, 'n_epochs': 400}",20240610_203737,400,7,0.0001163066965212202,7.066485714004389e-07
166,OrtogonalLatinHyperCube,1849,4.669835240231845e-06,4.849956065883513e-06,0.0007989525435510963,0.0008681001295636435,"{'units': [256, 256, 256, 128, 64], 'act_fun': 'relu', 'learning_rate': 0.005, 'batch_size': 32, 'l2_reg': 0.0001, 'n_epochs': 400}",20240610_203832,400,8,6.914758601254717e-05,1.80120825651668e-07
167,OrtogonalLatinHyperCube,1849,4.795141397477027e-06,5.143670791345833e-06,0.0009855812850916154,0.001044907218155624,"{'units': [256, 256, 256, 128, 64], 'act_fun': 'relu', 'learning_rate': 0.005, 'batch_size': 32, 'l2_reg': 0.0001, 'n_epochs': 400}",20240610_203925,400,9,5.93259330640087e-05,3.485293938688063e-07
0,Random,25,0.0070289314223653,0.0014210169436689,0.028921882178773,0.0219595826317362,"{'units': [256, 256, 256, 128, 64], 'act_fun': 'relu', 'learning_rate': 0.005, 'batch_size': 32, 'l2_reg': 0.0001, 'n_epochs': 400}",20240610_182838,400.0,0,0.0069622995470368,0.0056079144786964
1,Random,25,0.0296624734339882,0.0259851223665442,0.0863133299962611,0.0923719502199252,"{'units': [256, 256, 256, 128, 64], 'act_fun': 'relu', 'learning_rate': 0.005, 'batch_size': 32, 'l2_reg': 0.0001, 'n_epochs': 400}",20240610_182856,230.0,1,0.0060586202236641,0.003677351067444
2,Random,25,0.0070100940251394,0.0025584121305932,0.027364456275045,0.0203833467424636,"{'units': [256, 256, 256, 128, 64], 'act_fun': 'relu', 'learning_rate': 0.005, 'batch_size': 32, 'l2_reg': 0.0001, 'n_epochs': 400}",20240610_182907,391.0,2,0.0069811095325814,0.0044516818945461
0,Random,25,0.013908194539466177,0.01033110897773243,0.05999488407343507,0.05782719962918015,"{'units': [256, 256, 256, 128, 64], 'act_fun': 'relu', 'learning_rate': 0.005, 'batch_size': 32, 'l2_reg': 0.0001, 'n_epochs': 400}",20240610_193457,400,3,0.0021676844442549206,0.003577085561733747
1,Random,25,0.006636451972486417,0.003329163534072583,0.03447139787469448,0.028990357967434776,"{'units': [256, 256, 256, 128, 64], 'act_fun': 'relu', 'learning_rate': 0.005, 'batch_size': 32, 'l2_reg': 0.0001, 'n_epochs': 400}",20240610_193515,400,4,0.0054810399072597014,0.0033072884384138337
2,Random,25,0.006889574250642062,0.002844752381513537,0.03374445342359967,0.027389962159910106,"{'units': [256, 256, 256, 128, 64], 'act_fun': 'relu', 'learning_rate': 0.005, 'batch_size': 32, 'l2_reg': 0.0001, 'n_epochs': 400}",20240610_193531,386,5,0.0063544912636895635,0.004044821869128525
3,Random,25,0.007008025006789958,0.003201118403433611,0.03426147005650318,0.029172977339416196,"{'units': [256, 256, 256, 128, 64], 'act_fun': 'relu', 'learning_rate': 0.005, 'batch_size': 32, 'l2_reg': 0.0001, 'n_epochs': 400}",20240610_193546,400,6,0.0050884927170869836,0.0038069066033563467
4,Random,25,0.007110115525923361,0.003579162898665198,0.03595304074511698,0.03310758634636111,"{'units': [256, 256, 256, 128, 64], 'act_fun': 'relu', 'learning_rate': 0.005, 'batch_size': 32, 'l2_reg': 0.0001, 'n_epochs': 400}",20240610_193602,400,7,0.002845454398755873,0.0035309526272581625
5,Random,25,0.007272414927846553,0.004432047032317289,0.04088922810135467,0.0370159332720529,"{'units': [256, 256, 256, 128, 64], 'act_fun': 'relu', 'learning_rate': 0.005, 'batch_size': 32, 'l2_reg': 0.0001, 'n_epochs': 400}",20240610_193617,400,8,0.0038732948293017655,0.0028403678955292635
6,Random,25,0.022123562542951565,0.019404213544481134,0.07674128620082754,0.08056438343372703,"{'units': [256, 256, 256, 128, 64], 'act_fun': 'relu', 'learning_rate': 0.005, 'batch_size': 32, 'l2_reg': 0.0001, 'n_epochs': 400}",20240610_193632,400,9,0.003823097232899489,0.0027193489984704312
3,Random,49,0.0271810631079953,0.0405322408817836,0.1029191054817631,0.1373707777807516,"{'units': [256, 256, 256, 128, 64], 'act_fun': 'relu', 'learning_rate': 0.005, 'batch_size': 32, 'l2_reg': 0.0001, 'n_epochs': 400}",20240610_182923,166.0,0,0.0344516722989885,0.0133511777737883
4,Random,49,0.0062425200259861,0.0189086827824708,0.038647722755498,0.0688555498572781,"{'units': [256, 256, 256, 128, 64], 'act_fun': 'relu', 'learning_rate': 0.005, 'batch_size': 32, 'l2_reg': 0.0001, 'n_epochs': 400}",20240610_182931,400.0,1,0.03020782710178,0.0126661627564846
5,Random,49,0.0283548421104075,0.0417700483674991,0.1054637978378888,0.1396232507541879,"{'units': [256, 256, 256, 128, 64], 'act_fun': 'relu', 'learning_rate': 0.005, 'batch_size': 32, 'l2_reg': 0.0001, 'n_epochs': 400}",20240610_182948,303.0,2,0.0341594529162991,0.0134152062570915
7,Random,49,0.02232583579899357,0.03713701907936656,0.08987934357731919,0.1290354277043648,"{'units': [256, 256, 256, 128, 64], 'act_fun': 'relu', 'learning_rate': 0.005, 'batch_size': 32, 'l2_reg': 0.0001, 'n_epochs': 400}",20240610_193650,400,3,0.039156084127045604,0.01481118328037299
8,Random,49,0.028156232270417064,0.0417802608084237,0.10490503746107899,0.13958072171606684,"{'units': [256, 256, 256, 128, 64], 'act_fun': 'relu', 'learning_rate': 0.005, 'batch_size': 32, 'l2_reg': 0.0001, 'n_epochs': 400}",20240610_193706,231,4,0.03467568425498785,0.013624028538006639
9,Random,49,0.006418743531696183,0.019104940714497313,0.03961536992934548,0.07155764578399773,"{'units': [256, 256, 256, 128, 64], 'act_fun': 'relu', 'learning_rate': 0.005, 'batch_size': 32, 'l2_reg': 0.0001, 'n_epochs': 400}",20240610_193717,400,5,0.03194227585465225,0.01268619718280113
10,Random,49,0.02805955130213893,0.04149927373679896,0.10479578135589533,0.1390907759194911,"{'units': [256, 256, 256, 128, 64], 'act_fun': 'relu', 'learning_rate': 0.005, 'batch_size': 32, 'l2_reg': 0.0001, 'n_epochs': 400}",20240610_193733,279,6,0.03429499456359576,0.013439722434660028
11,Random,49,0.028463942484421866,0.041721977675010215,0.10574004818149088,0.13956820219628682,"{'units': [256, 256, 256, 128, 64], 'act_fun': 'relu', 'learning_rate': 0.005, 'batch_size': 32, 'l2_reg': 0.0001, 'n_epochs': 400}",20240610_193745,307,7,0.03382815401479594,0.013258035190588349
12,Random,49,0.021271139198317142,0.037640624113891206,0.08517999160055861,0.12831098939876892,"{'units': [256, 256, 256, 128, 64], 'act_fun': 'relu', 'learning_rate': 0.005, 'batch_size': 32, 'l2_reg': 0.0001, 'n_epochs': 400}",20240610_193758,400,8,0.04313099779821031,0.016369484915574065
13,Random,49,0.028533809025396463,0.041688355299831885,0.1060229728602225,0.1395590088084678,"{'units': [256, 256, 256, 128, 64], 'act_fun': 'relu', 'learning_rate': 0.005, 'batch_size': 32, 'l2_reg': 0.0001, 'n_epochs': 400}",20240610_193815,254,9,0.03353603594824531,0.013154546274435422
6,Random,121,0.0005223684167793,0.0001352186765262,0.0063207151778518,0.003908024021977,"{'units': [256, 256, 256, 128, 64], 'act_fun': 'relu', 'learning_rate': 0.005, 'batch_size': 32, 'l2_reg': 0.0001, 'n_epochs': 400}",20240610_183002,400.0,0,0.0024126911558747,0.0003871497402531
7,Random,121,0.0004271760688833,0.0002587801825059,0.0065814130302578,0.0052737721388248,"{'units': [256, 256, 256, 128, 64], 'act_fun': 'relu', 'learning_rate': 0.005, 'batch_size': 32, 'l2_reg': 0.0001, 'n_epochs': 400}",20240610_183019,400.0,1,0.001307640891433,0.0001683958863774
8,Random,121,0.0004076952549857,9.080656383820296e-05,0.0056583962842702,0.0034494403604902,"{'units': [256, 256, 256, 128, 64], 'act_fun': 'relu', 'learning_rate': 0.005, 'batch_size': 32, 'l2_reg': 0.0001, 'n_epochs': 400}",20240610_183037,400.0,2,0.0022089559237799,0.0003168886911475
14,Random,121,0.0003541973452230084,5.687548744141356e-05,0.005112633648499095,0.002903115008942786,"{'units': [256, 256, 256, 128, 64], 'act_fun': 'relu', 'learning_rate': 0.005, 'batch_size': 32, 'l2_reg': 0.0001, 'n_epochs': 400}",20240610_193826,400,3,0.0022095186395563087,0.0002973218577815948
15,Random,121,0.0005885332483341112,0.00016964880778127617,0.006049339192487596,0.003843010094560831,"{'units': [256, 256, 256, 128, 64], 'act_fun': 'relu', 'learning_rate': 0.005, 'batch_size': 32, 'l2_reg': 0.0001, 'n_epochs': 400}",20240610_193844,400,4,0.002206329097926765,0.00041888444055283505
16,Random,121,0.0024596592002696406,0.0012563730775702125,0.012912485523250224,0.008225349624799979,"{'units': [256, 256, 256, 128, 64], 'act_fun': 'relu', 'learning_rate': 0.005, 'batch_size': 32, 'l2_reg': 0.0001, 'n_epochs': 400}",20240610_193901,400,5,0.004687135898450245,0.0012032861226994281
17,Random,121,0.0029069878614160338,0.0013812933577501258,0.01407547040110731,0.008540408571230987,"{'units': [256, 256, 256, 128, 64], 'act_fun': 'relu', 'learning_rate': 0.005, 'batch_size': 32, 'l2_reg': 0.0001, 'n_epochs': 400}",20240610_193918,400,6,0.005535061829876323,0.001525694503665908
18,Random,121,0.0015534317977223082,0.0006033419153285953,0.009165162532385926,0.004518901782880876,"{'units': [256, 256, 256, 128, 64], 'act_fun': 'relu', 'learning_rate': 0.005, 'batch_size': 32, 'l2_reg': 0.0001, 'n_epochs': 400}",20240610_193935,400,7,0.00464626074950505,0.0009500898823937129
19,Random,121,0.00044524684312591023,8.600368361228475e-05,0.006354118044766406,0.0036156226947985145,"{'units': [256, 256, 256, 128, 64], 'act_fun': 'relu', 'learning_rate': 0.005, 'batch_size': 32, 'l2_reg': 0.0001, 'n_epochs': 400}",20240610_193954,400,8,0.002738495349967891,0.0003592431595136255
20,Random,121,0.000250510803734935,3.2296646836151506e-05,0.0049128425048425815,0.0024498790328509913,"{'units': [256, 256, 256, 128, 64], 'act_fun': 'relu', 'learning_rate': 0.005, 'batch_size': 32, 'l2_reg': 0.0001, 'n_epochs': 400}",20240610_194011,400,9,0.00246296347199159,0.0002182141568987835
9,Random,169,0.0052143036174499,0.0090465483777207,0.0232613083626377,0.0328838111631515,"{'units': [256, 256, 256, 128, 64], 'act_fun': 'relu', 'learning_rate': 0.005, 'batch_size': 32, 'l2_reg': 0.0001, 'n_epochs': 400}",20240610_183054,400.0,0,0.0096225028005137,0.0038322447602708
10,Random,169,0.0001584163967284,9.769071549081104e-05,0.0040153935819343,0.0034663159297534,"{'units': [256, 256, 256, 128, 64], 'act_fun': 'relu', 'learning_rate': 0.005, 'batch_size': 32, 'l2_reg': 0.0001, 'n_epochs': 400}",20240610_183112,400.0,1,0.0005490776521808,6.072568123761532e-05
11,Random,169,0.0008209804334995,0.0008964360328056,0.0076429114910122,0.0081310578360403,"{'units': [256, 256, 256, 128, 64], 'act_fun': 'relu', 'learning_rate': 0.005, 'batch_size': 32, 'l2_reg': 0.0001, 'n_epochs': 400}",20240610_183133,400.0,2,0.0004881463450281,7.545559930609844e-05
21,Random,169,0.00021435899968026372,0.0002130223467486715,0.004472632015882975,0.004580126521415333,"{'units': [256, 256, 256, 128, 64], 'act_fun': 'relu', 'learning_rate': 0.005, 'batch_size': 32, 'l2_reg': 0.0001, 'n_epochs': 400}",20240610_194029,400,3,0.00010749450553235781,1.3366529315922318e-06
22,Random,169,0.0007636574003471198,0.0008389948328011743,0.008146075789068046,0.009161411746466015,"{'units': [256, 256, 256, 128, 64], 'act_fun': 'relu', 'learning_rate': 0.005, 'batch_size': 32, 'l2_reg': 0.0001, 'n_epochs': 400}",20240610_194047,400,4,0.001015335957397969,7.533743245405453e-05
23,Random,169,0.00024250543338803535,0.00022962106559109023,0.004859289263471758,0.004221682722019553,"{'units': [256, 256, 256, 128, 64], 'act_fun': 'relu', 'learning_rate': 0.005, 'batch_size': 32, 'l2_reg': 0.0001, 'n_epochs': 400}",20240610_194105,400,5,0.0006376065414522049,1.2884367796945115e-05
24,Random,169,0.0005453039913321341,0.0004208466660475147,0.007135790562586165,0.006260547303964007,"{'units': [256, 256, 256, 128, 64], 'act_fun': 'relu', 'learning_rate': 0.005, 'batch_size': 32, 'l2_reg': 0.0001, 'n_epochs': 400}",20240610_194123,400,6,0.0008752432586221579,0.0001244573252846194
25,Random,169,0.0009838222998954586,0.0011037200625269219,0.009111456940476645,0.00893664443023126,"{'units': [256, 256, 256, 128, 64], 'act_fun': 'relu', 'learning_rate': 0.005, 'batch_size': 32, 'l2_reg': 0.0001, 'n_epochs': 400}",20240610_194143,400,7,0.00017481251024538576,0.00011989776263146329
26,Random,169,0.002094846919050046,0.0017156761491499432,0.014755690937243134,0.01154655828254123,"{'units': [256, 256, 256, 128, 64], 'act_fun': 'relu', 'learning_rate': 0.005, 'batch_size': 32, 'l2_reg': 0.0001, 'n_epochs': 400}",20240610_194202,400,8,0.0032091326547019038,0.00037917076990010294
27,Random,169,0.028939583598921553,0.015218043132321737,0.08568087935113992,0.0643901562635839,"{'units': [256, 256, 256, 128, 64], 'act_fun': 'relu', 'learning_rate': 0.005, 'batch_size': 32, 'l2_reg': 0.0001, 'n_epochs': 400}",20240610_194220,400,9,0.02129072308755603,0.013721540466599815
12,Random,529,9.386347293145496e-06,1.2262439999787274e-05,0.0012048561208477,0.0013391305931726,"{'units': [256, 256, 256, 128, 64], 'act_fun': 'relu', 'learning_rate': 0.005, 'batch_size': 32, 'l2_reg': 0.0001, 'n_epochs': 400}",20240610_183152,400.0,0,0.0001342744723248,2.8760927066417773e-06
13,Random,529,9.935971730800955e-06,9.138494067482093e-06,0.0013094035349293,0.0013371486043196,"{'units': [256, 256, 256, 128, 64], 'act_fun': 'relu', 'learning_rate': 0.005, 'batch_size': 32, 'l2_reg': 0.0001, 'n_epochs': 400}",20240610_183217,400.0,1,2.7745069390268948e-05,7.974776633188659e-07
14,Random,529,2.271260167825317e-05,4.346143684577477e-05,0.0014089340538742,0.0016300923657834,"{'units': [256, 256, 256, 128, 64], 'act_fun': 'relu', 'learning_rate': 0.005, 'batch_size': 32, 'l2_reg': 0.0001, 'n_epochs': 400}",20240610_183243,400.0,2,0.0002211583119091,2.0748835167521605e-05
28,Random,529,1.9820379472926094e-05,5.909993930404193e-05,0.0013550038753832154,0.0016928849690102555,"{'units': [256, 256, 256, 128, 64], 'act_fun': 'relu', 'learning_rate': 0.005, 'batch_size': 32, 'l2_reg': 0.0001, 'n_epochs': 400}",20240610_194239,400,3,0.0003378810936270401,3.927955983111583e-05
29,Random,529,1.6890798956918358e-05,3.8233068547476e-05,0.0014260207249993202,0.0016371776161144382,"{'units': [256, 256, 256, 128, 64], 'act_fun': 'relu', 'learning_rate': 0.005, 'batch_size': 32, 'l2_reg': 0.0001, 'n_epochs': 400}",20240610_194304,400,4,0.000211156891115118,2.1342269590557645e-05
30,Random,529,1.2294872100654045e-05,1.8502098537512846e-05,0.0013764049510148883,0.0015338002579329334,"{'units': [256, 256, 256, 128, 64], 'act_fun': 'relu', 'learning_rate': 0.005, 'batch_size': 32, 'l2_reg': 0.0001, 'n_epochs': 400}",20240610_194328,400,5,0.00015739530691804508,6.207226436858801e-06
31,Random,529,9.983364431540191e-06,1.5278408661083365e-05,0.001077019376250804,0.0012920813256090803,"{'units': [256, 256, 256, 128, 64], 'act_fun': 'relu', 'learning_rate': 0.005, 'batch_size': 32, 'l2_reg': 0.0001, 'n_epochs': 400}",20240610_194355,400,6,0.00021506194935827635,5.295044229543174e-06
32,Random,529,1.3209883143949989e-05,2.7498912401017217e-05,0.0014100415303829816,0.0015887236019042292,"{'units': [256, 256, 256, 128, 64], 'act_fun': 'relu', 'learning_rate': 0.005, 'batch_size': 32, 'l2_reg': 0.0001, 'n_epochs': 400}",20240610_194420,400,7,0.00017868207152124758,1.4289029257067228e-05
33,Random,529,3.562764920366024e-05,5.8427843598429e-05,0.0020909380106590206,0.002262839124808056,"{'units': [256, 256, 256, 128, 64], 'act_fun': 'relu', 'learning_rate': 0.005, 'batch_size': 32, 'l2_reg': 0.0001, 'n_epochs': 400}",20240610_194445,400,8,0.0001719011141490352,2.280019439476876e-05
34,Random,529,1.9078853951814432e-05,4.091422119715116e-05,0.0014235031664250023,0.0015367044964446246,"{'units': [256, 256, 256, 128, 64], 'act_fun': 'relu', 'learning_rate': 0.005, 'batch_size': 32, 'l2_reg': 0.0001, 'n_epochs': 400}",20240610_194511,400,9,0.00011320133001962236,2.1835367245336728e-05
15,Random,1849,5.858901282752006e-06,4.605199080972167e-06,0.0009403138037016,0.0008718217210757,"{'units': [256, 256, 256, 128, 64], 'act_fun': 'relu', 'learning_rate': 0.005, 'batch_size': 32, 'l2_reg': 0.0001, 'n_epochs': 400}",20240610_183308,400.0,0,6.849208262592506e-05,1.2537022017798389e-06
16,Random,1849,1.029911441715979e-05,1.171504079589748e-05,0.0011008301439772,0.0011204050691339,"{'units': [256, 256, 256, 128, 64], 'act_fun': 'relu', 'learning_rate': 0.005, 'batch_size': 32, 'l2_reg': 0.0001, 'n_epochs': 400}",20240610_183400,400.0,1,1.957492515674902e-05,1.4159263787376895e-06
17,Random,1849,4.632169698692201e-06,4.120184603717114e-06,0.0009089588991954,0.0009195819612006,"{'units': [256, 256, 256, 128, 64], 'act_fun': 'relu', 'learning_rate': 0.005, 'batch_size': 32, 'l2_reg': 0.0001, 'n_epochs': 400}",20240610_183453,400.0,2,1.0623062005252247e-05,5.119850949750864e-07
35,Random,1849,7.388706494360815e-06,6.270062884753597e-06,0.0010610664302600427,0.0010608196189139125,"{'units': [256, 256, 256, 128, 64], 'act_fun': 'relu', 'learning_rate': 0.005, 'batch_size': 32, 'l2_reg': 0.0001, 'n_epochs': 400}",20240610_194535,400,3,2.4681134613022473e-07,1.1186436096072183e-06
36,Random,1849,4.5281009118631845e-06,4.449868954832455e-06,0.0008244614752720491,0.0008433306991842572,"{'units': [256, 256, 256, 128, 64], 'act_fun': 'relu', 'learning_rate': 0.005, 'batch_size': 32, 'l2_reg': 0.0001, 'n_epochs': 400}",20240610_194629,400,4,1.8869223912208136e-05,7.823195703072965e-08
37,Random,1849,2.6259294765392672e-06,2.220428033739698e-06,0.0006544556316382944,0.0006497711576231659,"{'units': [256, 256, 256, 128, 64], 'act_fun': 'relu', 'learning_rate': 0.005, 'batch_size': 32, 'l2_reg': 0.0001, 'n_epochs': 400}",20240610_194722,400,5,4.6844740151284975e-06,4.0550144279956915e-07
38,Random,1849,4.162849804177593e-06,4.704215887018471e-06,0.0008893127604589001,0.0009463723550152413,"{'units': [256, 256, 256, 128, 64], 'act_fun': 'relu', 'learning_rate': 0.005, 'batch_size': 32, 'l2_reg': 0.0001, 'n_epochs': 400}",20240610_194814,400,6,5.7059594556341155e-05,5.413660828408776e-07
39,Random,1849,1.427430099582131e-05,2.0466517462804577e-05,0.0013061870025180744,0.001341238653391538,"{'units': [256, 256, 256, 128, 64], 'act_fun': 'relu', 'learning_rate': 0.005, 'batch_size': 32, 'l2_reg': 0.0001, 'n_epochs': 400}",20240610_194906,400,7,3.505165087346355e-05,6.192216466983267e-06
40,Random,1849,5.867828280789438e-06,5.131434390515866e-06,0.000918423163894271,0.0009501082752175247,"{'units': [256, 256, 256, 128, 64], 'act_fun': 'relu', 'learning_rate': 0.005, 'batch_size': 32, 'l2_reg': 0.0001, 'n_epochs': 400}",20240610_194958,400,8,3.168511132325372e-05,7.363938902735721e-07
41,Random,1849,5.43161652776734e-06,5.6867984723843716e-06,0.0007537949649256847,0.0007650178573079113,"{'units': [256, 256, 256, 128, 64], 'act_fun': 'relu', 'learning_rate': 0.005, 'batch_size': 32, 'l2_reg': 0.0001, 'n_epochs': 400}",20240610_195049,400,9,1.1222892382226567e-05,2.551819446170316e-07
